device_id,cur_ratio,type
8,100.0,JanitzaUMG801MeasurementGroup
211,100.0,JanitzaUMG801MeasurementGroup
244,100.0,JanitzaUMG801MeasurementGroup
249,100.0,JanitzaUMG801MeasurementGroup
257,100.0,JanitzaUMG801MeasurementGroup
298,100.0,JanitzaUMG801MeasurementGroup
302,100.0,JanitzaUMG801MeasurementGroup
305,100.0,JanitzaUMG801MeasurementGroup
318,100.0,JanitzaUMG801MeasurementGroup
321,100.0,JanitzaUMG801MeasurementGroup
339,100.0,JanitzaUMG801MeasurementGroup
349,100.0,JanitzaUMG801MeasurementGroup
366,100.0,JanitzaUMG801MeasurementGroup
153,99.99999999547322,JanitzaUMG801MeasurementGroup
277,99.99999998149148,JanitzaUMG801MeasurementGroup
358,99.99996000507969,JanitzaUMG801MeasurementGroup
461,99.41172657285487,JanitzaUMG801MeasurementGroup
449,99.31538076378698,JanitzaUMG801MeasurementGroup
154,98.83693336254422,JanitzaUMG801MeasurementGroup
453,98.02577531138336,JanitzaUMG801MeasurementGroup
233,93.90212910041942,JanitzaUMG801MeasurementGroup
404,88.13492547498251,JanitzaUMG801MeasurementGroup
245,86.75014929527117,JanitzaUMG801MeasurementGroup
237,85.77260306880282,JanitzaUMG801MeasurementGroup
24,84.63266887778119,JanitzaUMG801MeasurementGroup
232,84.4466343792757,JanitzaUMG801MeasurementGroup
329,79.21067159275299,JanitzaUMG801MeasurementGroup
170,79.11334083799028,JanitzaUMG801MeasurementGroup
208,77.18129272197277,JanitzaUMG801MeasurementGroup
236,75.07478311083001,JanitzaUMG801MeasurementGroup
401,74.04684499113142,JanitzaUMG801MeasurementGroup
265,68.93634802513826,JanitzaUMG801MeasurementGroup
273,68.60334577145959,JanitzaUMG801MeasurementGroup
5,67.70629242348994,JanitzaUMG801MeasurementGroup
294,65.96533022602061,JanitzaUMG801MeasurementGroup
224,65.75221857815052,JanitzaUMG801MeasurementGroup
262,63.63861133799278,JanitzaUMG801MeasurementGroup
150,62.34696032039289,JanitzaUMG801MeasurementGroup
297,60.17411200129672,JanitzaUMG801MeasurementGroup
30,56.379882531279456,JanitzaUMG801MeasurementGroup
16,54.1533098211184,JanitzaUMG801MeasurementGroup
409,45.87396385635983,JanitzaUMG801MeasurementGroup
355,44.17191680932325,JanitzaUMG801MeasurementGroup
21,43.68380872529076,JanitzaUMG801MeasurementGroup
361,43.50412735886947,JanitzaUMG96RME
241,41.318164447816926,JanitzaUMG801MeasurementGroup
162,32.121364639784815,JanitzaUMG801MeasurementGroup
342,31.29226160505857,JanitzaUMG801MeasurementGroup
266,30.217526260321435,JanitzaUMG801MeasurementGroup
460,30.217162038128027,JanitzaUMG801MeasurementGroup
276,26.472298389879995,JanitzaUMG801MeasurementGroup
377,25.071479957691768,JanitzaUMG96RME
165,24.88229406689184,JanitzaUMG801MeasurementGroup
448,24.60658367940195,JanitzaUMG801MeasurementGroup
310,23.7729041152172,JanitzaUMG801MeasurementGroup
286,23.15339936022407,JanitzaUMG801MeasurementGroup
219,22.68919991490757,JanitzaUMG801MeasurementGroup
457,21.305327616544485,JanitzaUMG801MeasurementGroup
223,18.5143207465621,JanitzaUMG801MeasurementGroup
130,18.24042904989301,JanitzaUMG801MeasurementGroup
37,18.136591127777447,JanitzaUMG801MeasurementGroup
317,17.70797376771875,JanitzaUMG801MeasurementGroup
129,17.3010633792569,JanitzaUMG801MeasurementGroup
215,17.076150582967465,JanitzaUMG801MeasurementGroup
220,17.00860634001335,JanitzaUMG801MeasurementGroup
375,16.934427093200153,JanitzaUMG96RME
169,16.28789267208756,JanitzaUMG801MeasurementGroup
131,16.23160212102427,JanitzaUMG801MeasurementGroup
371,15.514492468267072,JanitzaUMG96RME
216,14.95096353067208,JanitzaUMG801MeasurementGroup
157,14.502064589238516,JanitzaUMG96RME
362,14.43957760452006,JanitzaUMG96RME
128,14.021375403634256,JanitzaUMG801MeasurementGroup
348,13.712081616298756,JanitzaUMG801MeasurementGroup
115,13.585288891720284,JanitzaUMG801MeasurementGroup
254,13.207760020592074,JanitzaUMG801MeasurementGroup
125,12.963286585742807,JanitzaUMG801MeasurementGroup
388,12.798154765135664,JanitzaUMG96RME
281,12.776934406771137,JanitzaUMG801MeasurementGroup
112,12.025774015934212,JanitzaUMG801MeasurementGroup
25,11.891683829188445,JanitzaUMG801MeasurementGroup
285,11.559929811867455,JanitzaUMG801MeasurementGroup
443,11.318128253138486,JanitzaUMG96PQ_L
229,11.200294979421354,JanitzaUMG96RME
376,11.136617290441077,JanitzaUMG96RME
248,10.922555914984883,JanitzaUMG801MeasurementGroup
155,10.67820954141981,JanitzaUMG96RME
343,10.651069531843516,JanitzaUMG801MeasurementGroup
36,10.595326113943516,JanitzaUMG801MeasurementGroup
370,10.27777352903208,JanitzaUMG96RME
156,10.274983023427607,JanitzaUMG96RME
400,9.781389772634157,JanitzaUMG801MeasurementGroup
293,9.738457016386462,JanitzaUMG801MeasurementGroup
333,9.425756878313244,JanitzaUMG96RME
391,9.30424186793914,JanitzaUMG96RME
332,9.10713889225606,JanitzaUMG96RME
380,8.527086907673215,JanitzaUMG96RME
359,8.33738501110988,JanitzaUMG801MeasurementGroup
132,8.075872070985794,JanitzaUMG605
338,7.887390359916659,JanitzaUMG801MeasurementGroup
207,7.746479258784933,JanitzaUMG801MeasurementGroup
462,7.669242435812916,JanitzaUMG96RME
145,7.636893121842514,JanitzaUMG96RME
42,7.588359982894062,JanitzaUMG605
437,7.357776707788828,JanitzaUMG96PQ_L
368,7.074756083093307,JanitzaUMG96RME
387,6.957063357715308,JanitzaUMG96RME
372,6.570890370048822,JanitzaUMG509
166,6.555633538610109,JanitzaUMG801MeasurementGroup
390,6.169859924411719,JanitzaUMG96RME
4,6.0734581425623615,JanitzaUMG801MeasurementGroup
124,5.980102696597746,JanitzaUMG801MeasurementGroup
328,5.924796459210591,JanitzaUMG801MeasurementGroup
161,5.908439124403843,JanitzaUMG801MeasurementGroup
111,5.8629430196841925,JanitzaUMG801MeasurementGroup
253,5.8292955680591705,JanitzaUMG801MeasurementGroup
29,5.801239137504755,JanitzaUMG801MeasurementGroup
381,5.592513437477629,JanitzaUMG96RME
382,5.541538025215682,JanitzaUMG96RME
360,5.480157304834046,JanitzaUMG96RME
114,5.411198280632677,JanitzaUMG801MeasurementGroup
149,5.309093886163183,JanitzaUMG801MeasurementGroup
202,5.279573336262314,JanitzaUMG801MeasurementGroup
177,5.151620393604259,JanitzaUMG801MeasurementGroup
431,5.064060961318164,JanitzaUMG96PQ_L
365,4.944287656628213,JanitzaUMG801MeasurementGroup
240,4.855843322224271,JanitzaUMG801MeasurementGroup
440,4.546572781899076,JanitzaUMG801MeasurementGroup
335,4.301893946769276,JanitzaUMG509
394,4.2409255933433405,JanitzaUMG96RME
379,4.021430511863393,JanitzaUMG96RME
334,3.863382871168623,JanitzaUMG96RME
146,3.852863579431359,JanitzaUMG96RME
386,3.840466710229308,JanitzaUMG96RME
456,3.610515795032261,JanitzaUMG801MeasurementGroup
301,3.389540421515925,JanitzaUMG801MeasurementGroup
395,3.375895801861734,JanitzaUMG96RME
118,3.261339802545167,JanitzaUMG801MeasurementGroup
430,3.13405489582703,JanitzaUMG96PQ_L
408,3.0846829942339093,JanitzaUMG801MeasurementGroup
120,3.0798903047158586,JanitzaUMG801MeasurementGroup
384,3.016233442838361,JanitzaUMG96RME
117,2.9769791086523663,JanitzaUMG801MeasurementGroup
433,2.91775342811554,JanitzaUMG96RME
385,2.7984423042286743,JanitzaUMG96RME
331,2.72439831980776,JanitzaUMG96RME
133,2.671324221869403,JanitzaUMG605
373,2.5064177904768945,JanitzaUMG96RME
119,2.385549904843152,JanitzaUMG801MeasurementGroup
309,2.3475747633153974,JanitzaUMG801MeasurementGroup
369,2.3068352110869097,JanitzaUMG96RME
344,2.2194521929801287,JanitzaUMG605
144,2.172598478293717,JanitzaUMG96RME
354,2.0941581214747096,JanitzaUMG801MeasurementGroup
261,1.912063804859316,JanitzaUMG801MeasurementGroup
389,1.7896713109202709,JanitzaUMG96RME
280,1.775450474700082,JanitzaUMG801MeasurementGroup
272,1.6737428236061096,JanitzaUMG801MeasurementGroup
12,1.6642939856914434,JanitzaUMG801MeasurementGroup
392,1.4023088821590546,JanitzaUMG96RME
383,1.3184848582682616,JanitzaUMG509
445,1.277267624013949,JanitzaUMG96PQ_L
378,1.2319173931000542,JanitzaUMG96RME
134,1.19282839302188,JanitzaUMG605
436,1.0176434578349742,JanitzaUMG96PQ_L
452,0.8829031055906154,JanitzaUMG801MeasurementGroup
1,0.8696713000347813,JanitzaUMG96RME
324,0.6275525714559743,JanitzaUMG512
20,0.3693307258444659,JanitzaUMG801MeasurementGroup
323,0.0679367782104093,JanitzaUMG512
9,0.0,JanitzaUMG801MeasurementGroup
13,0.0,JanitzaUMG801MeasurementGroup
17,0.0,JanitzaUMG801MeasurementGroup
33,0.0,JanitzaUMG801MeasurementGroup
34,0.0,JanitzaUMG801MeasurementGroup
173,0.0,JanitzaUMG801MeasurementGroup
174,0.0,JanitzaUMG801MeasurementGroup
178,0.0,JanitzaUMG801MeasurementGroup
181,0.0,JanitzaUMG801MeasurementGroup
182,0.0,JanitzaUMG801MeasurementGroup
203,0.0,JanitzaUMG801MeasurementGroup
212,0.0,JanitzaUMG801MeasurementGroup
227,0.0,JanitzaUMG801MeasurementGroup
228,0.0,JanitzaUMG801MeasurementGroup
258,0.0,JanitzaUMG801MeasurementGroup
268,0.0,JanitzaUMG801MeasurementGroup
269,0.0,JanitzaUMG801MeasurementGroup
289,0.0,JanitzaUMG801MeasurementGroup
290,0.0,JanitzaUMG801MeasurementGroup
306,0.0,JanitzaUMG801MeasurementGroup
313,0.0,JanitzaUMG801MeasurementGroup
314,0.0,JanitzaUMG801MeasurementGroup
322,0.0,JanitzaUMG801MeasurementGroup
405,0.0,JanitzaUMG801MeasurementGroup
412,0.0,JanitzaUMG801MeasurementGroup
413,0.0,JanitzaUMG801MeasurementGroup
441,0.0,JanitzaUMG801MeasurementGroup
