device_id,name,window_start,window_end,sample_time,Ia_avg,Ib_avg,Ic_avg,cur_dev_ratio,cur_ratio,current_unbalance_rms,dib,neutral_from_trms_120deg,neutral_from_trms_and_pf,phase_unbalance_metrics.UC,phase_unbalance_metrics.Unbalance_a,phase_unbalance_metrics.Unbalance_b,phase_unbalance_metrics.Unbalance_c,sequence_unbalance_factors.I0,sequence_unbalance_factors.I1,sequence_unbalance_factors.I2,sequence_unbalance_factors.M0,sequence_unbalance_factors.M0_angle_deg,sequence_unbalance_factors.M0_mag,sequence_unbalance_factors.M2,sequence_unbalance_factors.M2_angle_deg,sequence_unbalance_factors.M2_mag,vuf_magnitude,vuf_symmetrical
4,D0029 SP1 L1 / D0029 Borgartún 20 SP1 L1 / Measurement Group 1,2025-09-01 12:00,2025-10-01 12:00,15m,159.9642208737661,132.2316344122537,148.18773134790285,3.30686585688449,6.297370588555936,19.68399592577569,0.029905047316714464,24.107873058586637,,1.0059935694121371,1.0897151419501434,0.9007940242934653,1.0094908337563913,,,,,,,,,,,
12,D0411 SP1 L1 / D0411 Grensásvegur 1 SP1 L1 / Measurement Group 1,2025-09-01 12:00,2025-10-01 12:00,15m,69.12461676862505,66.64334143665101,72.66379361285104,1.5288184161063825,2.8884525144006545,4.278954093922455,0.015288184161063825,5.240627081451137,,1.0012643541892192,0.9949244704656369,0.9592109770511719,1.0458645524831915,,,,,,,,,,,
20,D0411 SP2 L1 / D0411 Grensásvegur 1 SP2 L1 / Measurement Group 1,2025-09-01 12:00,2025-10-01 12:00,15m,71.50137159691917,78.11130366590288,81.00373562971751,2.3288738847658617,4.120419703013313,6.888451370075739,0.01791545818247451,8.436595487330573,,1.0026766034323278,0.9301337834570241,1.0161198419955522,1.0537463745474236,,,,,,,,,,,
29,D0690 SP1 L1 / D0690 Arnarsmári 28 SP1 L1 / Measurement Group 1,2025-09-01 12:00,2025-10-01 12:00,15m,130.42490315147472,123.7911459010854,153.45856970852967,4.309081142918677,7.277231017619548,22.020540151482443,0.04309081142918677,26.969543615801093,,1.0087528571923081,0.9597720619534656,0.9109555037589739,1.1292724342875602,,,,,,,,,,,
36,D0690 SP2 L1 / D0690 Arnarsmári 28 SP2 L1 / Measurement Group 1,2025-09-01 12:00,2025-10-01 12:00,15m,121.08766036780604,108.12023926443754,87.78866675464012,5.639447637581985,10.504528169723331,23.73710054213927,0.04865080532141345,29.071892150691706,,1.0168216067965714,1.1459524159642402,1.023231013163219,0.8308165708725405,,,,,,,,,,,
111,D0202 SP1 L1 / D0202 SP1 L1 / Spennir,2025-09-01 12:00,2025-10-01 12:00,15m,285.5219666120361,296.93781890070846,250.4768270826126,3.2617980814311704,5.5779744959616435,34.2398756268897,0.02316176414530472,41.93511207111955,,1.00506946007325,1.0283686500070208,1.0694852924359142,0.9021460575570649,,,,,,,,,,,
124,D0202 SP2 L1 / D0202 SP2 L1 / Spennir,2025-09-01 12:00,2025-10-01 12:00,15m,179.64724146525066,161.60701581107244,176.43757735358344,2.116496404351451,3.484742166558416,13.61001152374905,0.01368245762206965,16.668791813290003,,1.0020734597556702,1.0410473728662089,0.9365051078694565,1.0224475192643352,,,,,,,,,,,
149,D0841 SP1 L1 / UMG801-4700-2312 / Measurement Group 1,2025-09-01 12:00,2025-10-01 12:00,15m,236.9667295164532,206.29777584340837,225.56331850952571,2.488657247654303,4.585478142284051,21.922466681559296,0.020968208946297476,26.84942863649301,,1.0032230825464028,1.0629046268388924,0.9253402825703709,1.0117550905907364,,,,,,,,,,,
161,D1496 SP1 L1 / UMG801-4700-2682 / Measurement Group 1,2025-09-01 12:00,2025-10-01 12:00,15m,170.1938452049857,154.6715140678933,141.3251178896481,3.1740286876311883,6.192474692114558,20.432592197137062,0.031740286876311884,25.024712502679634,,1.0057629041089549,1.0952208606289358,0.9953325195055654,0.9094466198654989,,,,,,,,,,,
169,D1457 SP1 L1 / UMG801-4700-2422 / Measurement Group 1,2025-09-01 12:00,2025-10-01 12:00,15m,31.577935834725697,33.96968247426881,19.18078880243831,10.695366379449512,17.45446913970717,11.226769831740357,0.0675910276025766,13.749928773717812,,1.0526711510182465,1.1180879085757556,1.2027730828077299,0.6791390086165147,,,,,,,,,,,
177,D1457 SP2 L1 / UMG801-4700-2680 / Measurement Group 1,2025-09-01 12:00,2025-10-01 12:00,15m,39.95432057811154,33.90382471134265,34.83470552066962,3.4255889695768955,5.566599662878048,4.60743955110816,0.034255889695768954,5.6429379604664245,,1.005390618377559,1.102767669087307,0.9357696792009654,0.9614626517117278,,,,,,,,,,,
202,D1525 SP1 L1 / UMG801-4700-2316 / Measurement Group 1,2025-09-01 12:00,2025-10-01 12:00,15m,195.6972825606664,174.22652499675752,164.45529549121858,3.288099174826105,5.8464088305870705,22.601859160001084,0.03288099174826105,27.681511090126666,,1.0053667411661165,1.098642975244783,0.9781063144280456,0.923250710327171,,,,,,,,,,,
207,D0303 SP1 L1 / UMG801-4700-2320 / Measurement Group 1,2025-09-01 12:00,2025-10-01 12:00,15m,172.2576904296875,191.3527069091797,158.7642059326172,3.2979855919727212,6.238530888077241,23.1567425323176,0.03297985591972721,28.361101654591717,,1.0058953837505236,0.9892767911239538,1.0989395677591816,0.9117836411168644,,,,,,,,,,,
215,D0263 SP1 L1 / UMG801-4700-2324 / Measurement Group 1,2025-09-01 12:00,2025-10-01 12:00,15m,36.15084155069457,29.186946654982037,21.68339124090142,8.415961058216366,16.62520595767685,10.232404318911623,0.08209244899460486,12.532084711592166,,1.041478850176907,1.2462773469838146,1.0062014847626763,0.747521168253509,,,,,,,,,,,
223,D1456 SP1 L1 / UMG801-4700-2313 / Measurement Group 1,2025-09-01 12:00,2025-10-01 12:00,15m,41.46925926340951,24.489909668101205,25.40245366361406,12.056906118940134,18.584772372699035,13.506458842655773,0.12056906118940133,16.541966198204207,,1.0655656914455993,1.361707183568204,0.804164012387233,0.8341288040445634,,,,,,,,,,,
232,D1299 SP1 L1 / UMG801-4700-1575 / Device-232,2025-09-01 12:00,2025-10-01 12:00,15m,98.694186602813,5.469457083476891,5.400878504256483,56.74526567809802,85.14919449592252,76.14568543904745,0.5674526567809802,93.2590377200706,,2.44901191725804,2.7023579703429403,0.14975989419179384,0.14788213546526532,,,,,,,,,,,
240,D1411 SP1 L1 / UMG801-4700-1622 / Device-240,2025-09-01 12:00,2025-10-01 12:00,15m,261.8872713512844,246.91386460463207,233.58556551933287,1.9430624898770825,3.8122592680756835,20.02359457495283,0.019430624898770826,24.52379476249748,,1.002182453373567,1.0582918746963124,0.9977840286496458,0.943924096654042,,,,,,,,,,,
248,D0176 SP2 L1 / UMG801-4700-2673 / Measurement Group 1,2025-09-01 12:00,2025-10-01 12:00,15m,243.3963683221633,190.1445351749026,185.0847613092005,6.011359615735825,9.42599221634688,45.68589336454591,0.06011359615735825,55.95356359317057,,1.0163617454253802,1.1803407884720747,0.9220981895462568,0.8975610219816683,,,,,,,,,,,
253,D0173 SP1 L1 / UMG801-4700-2803 / Measurement Group 1,2025-09-01 12:00,2025-10-01 12:00,15m,349.27898316383363,319.6647327423096,290.86858223809134,3.057009220013092,6.085606637743325,41.303740945166716,0.030570092200130922,50.58654489187929,,1.0055555544761308,1.0917102766003928,0.9991476459315144,0.909142077468093,,,,,,,,,,,
261,D0006 SP2 L1 / UMG801-4700-2328 / Measurement Group 1,2025-09-01 12:00,2025-10-01 12:00,15m,343.9008650466691,340.64799054839125,328.8485631541934,0.8832247115784118,1.4853305933079426,11.200884959007462,0.006021058817295309,13.718226408591578,,1.0003664935541354,1.018063176451886,1.0084335648954665,0.9735032586526476,,,,,,,,,,,
272,D0615 SP1 L1 / UMG801-4700-2818 / Measurement Group 1,2025-09-01 12:00,2025-10-01 12:00,15m,136.71430206033827,135.5308383889975,138.8556996325976,0.44322124751435527,0.8087702382066304,2.383336045200709,0.004432212475143553,2.9189785981622807,,1.000100831235497,0.9976698322953373,0.9890335302792318,1.0132966374254306,,,,,,,,,,,
280,D1508 SP1 L1 / UMG801-4700-2016 / Measurement Group 1,2025-09-01 12:00,2025-10-01 12:00,15m,101.50505223770936,101.6502752419975,108.53643229934904,1.4883868097611026,2.2558761471987276,5.682738609470311,0.014883868097611027,6.9599049674082565,,1.000997208503246,0.9769753198768713,0.9783730758302954,1.044651604292833,,,,,,,,,,,
285,D1379 SP1 L1 / UMG801-4700-2676 / Measurement Group 1,2025-09-01 12:00,2025-10-01 12:00,15m,21.079792647205796,25.650486665711107,17.980264739353125,6.305472121604419,11.853125388904706,5.456819020331063,0.06305472121604419,6.683211109262529,,1.0213329174599373,0.9772654343708763,1.1891641636481327,0.8335704019809914,,,,,,,,,,,
293,D0383 SP1 L1 / UMG801-4700-2318 / Measurement Group 1,2025-09-01 12:00,2025-10-01 12:00,15m,307.9909817112817,212.64573141468895,256.91902582380504,6.276815017867459,12.262175625553622,67.47638112734629,0.06276815017867458,82.64135172578122,,1.0225923682137346,1.1883044505360238,0.8204391817694151,0.9912563676945614,,,,,,,,,,,
301,D0613 SP1 L1 / UMG801-4700-2675 / Measurement Group 1,2025-09-01 12:00,2025-10-01 12:00,15m,125.91388338177919,125.52953847249348,117.57220963363275,1.4722955882463205,2.2605204322949755,6.659587679417604,0.00788224844048655,8.156295855949882,,1.0009770716461035,1.0236467453214597,1.0205221223259298,0.9558311323526104,,,,,,,,,,,
309,D0613 SP2 L1 / UMG801-4700-2812 / Measurement Group 1,2025-09-01 12:00,2025-10-01 12:00,15m,134.8587492081854,139.26307550403806,131.28784501949946,1.0178639620332193,1.967202827159045,5.649594325456313,0.010178639620332193,6.919311675543803,,1.0005825961044854,0.9979442470927786,1.0305359188609966,0.9715198340462252,,,,,,,,,,,
317,D1454 SP1 L1 / UMG801-4700-2819 / Measurement Group 1,2025-09-01 12:00,2025-10-01 12:00,15m,100.2465519845844,76.74704225039434,59.4461382175973,9.065019492028359,17.256157983164126,28.961019789000854,0.09065019492028359,35.469860456849126,,1.0450098988526624,1.2719505847608508,0.9737835699732222,0.754265845265927,,,,,,,,,,,
328,D1532 SP1 L1 / UMG801-4700-2672 / Measurement Group 1,2025-09-01 12:00,2025-10-01 12:00,15m,114.2914632956187,100.15342663791445,109.38942235310873,2.405966208238924,4.365824164176268,10.152466084449818,0.01959857955937344,12.434180768907035,,1.0029486187526229,1.0587957386781204,0.9278210137528323,1.0133832475690472,,,,,,,,,,,
338,D1030 SP1 L1 / UMG801-4700-7801 / Measurement Group 1,2025-09-01 12:00,2025-10-01 12:00,15m,235.9912844525443,175.66390415562523,192.08760743670993,5.754716412108563,9.992231906057329,44.10844098531431,0.05754716412108563,54.02158688184247,,1.0160125591513935,1.1726414923632569,0.872874535181537,0.954483972455206,,,,,,,,,,,
348,D0662 SP2 L1 / UMG801-4700-7805 / Measurement Group 1,2025-09-01 12:00,2025-10-01 12:00,15m,16.58456585661689,11.587266994521391,16.228140028843416,7.235869206850365,11.25518449212521,3.9428305318430885,0.040193152852748444,4.828961472641006,,1.0236576753014475,1.1205794585582454,0.782923923794489,1.0964966176472655,,,,,,,,,,,
354,D1554 SP1 L1 / UMG801-4700-2669 / Measurement Group 1,2025-09-01 12:00,2025-10-01 12:00,15m,106.39897966670493,101.025140354339,101.57365359042193,1.1002415184036651,1.7391191041793725,4.181817287087287,0.011002415184036652,5.121659275456488,,1.0005494657940268,1.03300724555211,0.9808336724267288,0.9861590820211613,,,,,,,,,,,
365,D1528 SP1 L1 / UMG801-4700-2815 / Measurement Group 1,2025-09-01 12:00,2025-10-01 12:00,15m,18.225763875643963,17.694446000834002,19.52293197186832,1.8791948911122192,3.297947969896401,1.3302010750539397,0.01879194891112219,1.6291569445919607,,1.0017268721199644,0.9861867456301587,0.9574374076364746,1.0563758467333666,,,,,,,,,,,
400,D1482 SP1 L1 / UMG801-4702-8660 / Measurement Group 1,2025-09-01 12:00,2025-10-01 12:00,15m,61.560605389991544,44.59249743706404,50.62422982600465,5.932933255231378,10.823062024200278,12.164193268093134,0.05932933255231378,14.898033319713159,,1.018060149275409,1.1779879976569414,0.853296136930933,0.9687158654121256,,,,,,,,,,,
408,D0246 SP1 L1 / UMG801-4700-2679 / Measurement Group 1,2025-09-01 12:00,2025-10-01 12:00,15m,179.47508115460369,164.808145049381,161.62571193460542,2.142434660597183,3.528178269724217,13.464111269055888,0.02142434660597183,16.49010122462157,,1.0021248678917618,1.0642730398179154,0.9772992684558955,0.958427691726189,,,,,,,,,,,
440,D0604 SP2 L1 / UMG801-4700-7811 / Device-3,2025-09-01 12:00,2025-10-01 12:00,15m,456.6993297485479,397.0121358306344,400.5913991447785,3.0772771015758975,4.7585950408435895,47.34086367436309,0.030772771015758975,57.98047999242458,,1.0042735499066857,1.092318313047277,0.9495604618219693,0.9581212251307538,,,,,,,,,,,
448,D1056 SP1 L1 / UMG801-4700-2674 / Measurement Group 1,2025-09-01 12:00,2025-10-01 12:00,15m,29.545628837413258,14.812752780483828,23.031498136619728,11.352654877691776,21.862149198955883,10.440934040670104,0.10509494321264105,12.787480418848562,,1.072012949015373,1.3152848296379231,0.6594203536692467,1.0252948166928302,,,,,,,,,,,
456,D1029 SP1 L1 / UMG801-4700-2804 / Measurement Group 1,2025-09-01 12:00,2025-10-01 12:00,15m,171.58693642351363,167.6209570566813,146.0218709203932,3.239987534405211,5.268651549993299,19.457835512031462,0.020286640155880886,23.830884251741207,,1.0048240904735448,1.0608599204676428,1.0363397055645138,0.9028003739678436,,,,,,,,,,,
