device_id,name,window_start,window_end,sample_time,Ia_avg,Ib_avg,Ic_avg,Va_avg,Vb_avg,Vc_avg,I4_avg,I4_label,Ia_label,Ib_label,Ic_label,Va_label,Vb_label,Vc_label,cur_dev_ratio,cur_ratio,dib,neutral_from_trms_120deg,sequence_unbalance_factors.M0_mag,sequence_unbalance_factors.M2_mag,vuf_magnitude,vuf_symmetrical
1,D0029 SP1 L2,2025-09-01 12:00,2025-10-01 12:00,15m,228.28876682387457,220.7264891465505,225.28602675331965,234.90192011197408,234.6065293629964,234.48566452132332,,,L1,L2,L3,L1,L2,L3,0.5992284455364374,1.1214983377722951,0.005222698922358578,6.595220799480639,,,0.001010869729561695,
4,D0029 SP1 L1 / D0029 Borgartún 20 SP1 L1 / Measurement Group 1,2025-09-01 12:00,2025-10-01 12:00,15m,159.9642208737661,132.2316344122537,148.18773134790285,234.8923416975354,234.263554080097,234.18613073644693,40.278385873525664,Input04,Input01,Input02,Input03,L1,L2,L3,3.30686585688449,6.297370588555936,0.029905047316714464,24.107873058586637,0.08427399694458024,0.07344504230637779,0.0018980787841491806,0.1420520455745242
5,D0029 SP1 L1 / D0029 Borgartún 20 SP1 L1 / Measurement Group 2,2025-09-01 12:00,2025-10-01 12:00,15m,36.673276138556965,17.079856529746813,0.0,234.8923416975354,234.263554080097,234.18613073644693,50.605652840555265,Input08,Input05,Input06,Input07,L1,L2,L3,34.89204129712394,68.22537463045727,0.3489204129712394,31.784845239347103,,,0.0018980787841491806,0.1420520455745242
8,D0029 SP1 L1 / Mod1 / Measurement Group 1,2025-09-01 12:00,2025-10-01 12:00,15m,14.252894448459175,0.0,0.0,234.8923416975354,234.263554080097,234.18613073644693,0.0,Input04,Input01,Input02,Input03,L1,L2,L3,66.66666666666666,100.0,0.6666666666666666,14.252894448459175,,,0.0018980787841491806,0.1420520455745242
9,D0029 SP1 L1 / Mod1 / Measurement Group 2,2025-09-01 12:00,2025-10-01 12:00,15m,0.0,0.0,0.0,234.8923416975354,234.263554080097,234.18613073644693,0.0,Input08,Input05,Input06,Input07,L1,L2,L3,0.0,0.0,,0.0,,,0.0018980787841491806,0.1420520455745242
12,D0411 SP1 L1 / D0411 Grensásvegur 1 SP1 L1 / Measurement Group 1,2025-09-01 12:00,2025-10-01 12:00,15m,69.12461676862505,66.64334143665101,72.66379361285104,236.34046188990274,235.52221299277412,235.7693708790673,0.0,Input04,Input01,Input02,Input03,L1,L2,L3,1.5288184161063825,2.8884525144006545,0.015288184161063825,5.240627081451137,0.07742066667730876,0.060698778833712365,0.0019633648819118235,0.18369676721096298
13,D0411 SP1 L1 / D0411 Grensásvegur 1 SP1 L1 / Measurement Group 2,2025-09-01 12:00,2025-10-01 12:00,15m,0.0,0.0,0.0,236.34046188990274,235.52221299277412,235.7693708790673,0.0,Input08,Input05,Input06,Input07,L1,L2,L3,0.0,0.0,,0.0,,,0.0019633648819118235,0.18369676721096298
16,D0411 SP1 L1 / Mod1 / Measurement Group 1,2025-09-01 12:00,2025-10-01 12:00,15m,0.0,18.0856117112769,20.325970260302224,236.34046188990274,235.52221299277412,235.7693708790673,0.0,Input04,Input01,Input02,Input03,L1,L2,L3,33.33333333333333,52.91625394481666,0.1958292061148333,19.30354403240448,,,0.0019633648819118235,0.18369676721096298
17,D0411 SP1 L1 / Mod1 / Measurement Group 2,2025-09-01 12:00,2025-10-01 12:00,15m,0.0,0.0,0.0,236.34046188990274,235.52221299277412,235.7693708790673,0.0,Input08,Input05,Input06,Input07,L1,L2,L3,0.0,0.0,,0.0,,,0.0019633648819118235,0.18369676721096298
20,D0411 SP2 L1 / D0411 Grensásvegur 1 SP2 L1 / Measurement Group 1,2025-09-01 12:00,2025-10-01 12:00,15m,71.50137159691917,78.11130366590288,81.00373562971751,235.93501972092523,235.3043630335066,235.4491431289249,0.0,Input04,Input01,Input02,Input03,L1,L2,L3,2.3288738847658617,4.120419703013313,0.01791545818247451,8.436595487330573,0.06156520300767605,0.09555984647063892,0.0015799510513111225,0.15461074713344009
21,D0411 SP2 L1 / D0411 Grensásvegur 1 SP2 L1 / Measurement Group 2,2025-09-01 12:00,2025-10-01 12:00,15m,22.45967683477534,32.976999181509015,1.741830016920964,235.93501972092523,235.3043630335066,235.4491431289249,0.0,Input08,Input05,Input06,Input07,L1,L2,L3,30.287031256274116,54.62746638824181,0.24340435131967697,27.527068849167495,,,0.0015799510513111225,0.15461074713344009
24,D0411 SP2 L1 / Mod 1 / Measurement Group 1,2025-09-01 12:00,2025-10-01 12:00,15m,8.897528009613355,0.5687637236383226,0.0,235.93501972092523,235.3043630335066,235.4491431289249,0.0,Input04,Input01,Input02,Input03,L1,L2,L3,60.65836120064706,93.99169453398038,0.6065836120064706,8.627218885206121,,,0.0015799510513111225,0.15461074713344009
25,D0411 SP2 L1 / Mod 1 / Measurement Group 2,2025-09-01 12:00,2025-10-01 12:00,15m,0.0,0.0,0.0,235.93501972092523,235.3043630335066,235.4491431289249,0.0,Input08,Input05,Input06,Input07,L1,L2,L3,0.0,0.0,,0.0,,,0.0015799510513111225,0.15461074713344009
29,D0690 SP1 L1 / D0690 Arnarsmári 28 SP1 L1 / Measurement Group 1,2025-09-01 12:00,2025-10-01 12:00,15m,130.42490315147472,123.7911459010854,153.45856970852967,233.6024400897223,232.8393360388366,233.3114498889707,20.056526555084197,Input04,Input01,Input02,Input03,L1,L2,L3,4.309081142918677,7.277231017619548,0.04309081142918677,26.969543615801093,0.1149413513438164,0.09783360354445902,0.0015063799814634981,0.19709543003885568
30,D0690 SP1 L1 / D0690 Arnarsmári 28 SP1 L1 / Measurement Group 2,2025-09-01 12:00,2025-10-01 12:00,15m,19.960600355425903,24.79771380873346,0.0,233.6024400897223,232.8393360388366,233.3114498889707,0.0,Input08,Input05,Input06,Input07,L1,L2,L3,33.33333333333333,55.40359209639415,0.2207025876306082,22.76784841886742,,,0.0015063799814634981,0.19709543003885568
33,D0690 SP1 L1 / Mod 1 / Measurement Group 1,2025-09-01 12:00,2025-10-01 12:00,15m,0.0,0.0,0.0,233.6024400897223,232.8393360388366,233.3114498889707,31.20083807043915,Input04,Input01,Input02,Input03,L1,L2,L3,0.0,0.0,,0.0,,,0.0015063799814634981,0.19709543003885568
34,D0690 SP1 L1 / Mod 1 / Measurement Group 2,2025-09-01 12:00,2025-10-01 12:00,15m,0.0,0.0,0.0,233.6024400897223,232.8393360388366,233.3114498889707,0.0,Input08,Input05,Input06,Input07,L1,L2,L3,0.0,0.0,,0.0,,,0.0015063799814634981,0.19709543003885568
36,D0690 SP2 L1 / D0690 Arnarsmári 28 SP2 L1 / Measurement Group 1,2025-09-01 12:00,2025-10-01 12:00,15m,121.08766036780604,108.12023926443754,87.78866675464012,233.55190166593965,232.8577296848966,233.37234156808327,18.56668610918973,Input04,Input01,Input02,Input03,L1,L2,L3,5.639447637581985,10.504528169723331,0.04865080532141345,29.071892150691706,0.1199442800555824,0.14125756883453378,0.0012485775751766297,0.27532529030290237
37,D0690 SP2 L1 / D0690 Arnarsmári 28 SP2 L1 / Measurement Group 2,2025-09-01 12:00,2025-10-01 12:00,15m,20.783501904306416,27.551583762796607,34.38668966806775,233.55190166593965,232.8577296848966,233.37234156808327,0.0,Input08,Input05,Input06,Input07,L1,L2,L3,8.235757185747415,16.444506550595847,0.08235757185747415,11.780753840812622,,,0.0012485775751766297,0.27532529030290237
42,D0076 SP1 L1,2025-09-01 12:00,2025-10-01 12:00,15m,285.46627408486825,276.78765923535383,239.60944512861747,239.01347490240028,238.61494631590668,239.1586534641407,0.5066528917462737,L4,L1,L2,L3,L1,L2,L3,3.451753556971843,5.718783297593448,0.022670297406216053,42.192337703636575,,,0.0009610744031339403,
111,D0202 SP1 L1 / D0202 SP1 L1 / Spennir,2025-09-01 12:00,2025-10-01 12:00,15m,285.5219666120361,296.93781890070846,250.4768270826126,234.70462799642473,234.0919649098486,234.553567980437,0.0,Input04,Input01,Input02,Input03,L1,L2,L3,3.2617980814311704,5.5779744959616435,0.02316176414530472,41.93511207111955,,,0.0010858362520327516,
112,D0202 SP1 L1 / Mod2 / LR04 GSK14484 Skápur við Kleifarás 13,2025-09-01 12:00,2025-10-01 12:00,15m,37.685037519186956,49.54443301641353,35.152935621806144,234.70462799642473,234.0919649098486,234.553567980437,0.0,Input04,Input01,Input02,Input03,L1,L2,L3,7.1499637123957225,11.759449619005883,0.07149963712395722,13.307366359226565,,,0.0010858362520327516,
114,D0202 SP1 L1 / D0202 SP1 L1 / LR01 GSK 14276 Skápur við Fylgisveg 9A,2025-09-01 12:00,2025-10-01 12:00,15m,61.571639934106436,55.875257480661254,49.75292117071793,234.70462799642473,234.0919649098486,234.553567980437,0.0,Input08,Input05,Input06,Input07,L1,L2,L3,3.576769246345194,7.068619370149526,0.03491850123804332,10.237526267513045,,,0.0010858362520327516,
115,D0202 SP1 L1 / Mod2 / LR05 GSK14501 Skápur við Lækjarás 13,2025-09-01 12:00,2025-10-01 12:00,15m,46.28260674711834,55.516075884101994,40.081264512243116,234.70462799642473,234.0919649098486,234.553567980437,0.0,Input08,Input05,Input06,Input07,L1,L2,L3,5.7955760029284775,10.878782860168252,0.05795576002928478,13.452639144467959,,,0.0010858362520327516,
117,D0202 SP1 L1 / Mod1 / LR02 Heimtaug Árbæjarlaug A,2025-09-01 12:00,2025-10-01 12:00,15m,55.39084285257108,57.13446048770785,52.473615051919566,234.70462799642473,234.0919649098486,234.553567980437,0.0,Input04,Input01,Input02,Input03,L1,L2,L3,1.530933921725659,2.8247733265193675,0.012938394047937082,4.078841788716648,,,0.0010858362520327516,
118,D0202 SP1 L1 / Mod1 / LR03 Heimtaug Árbæjarlaug B,2025-09-01 12:00,2025-10-01 12:00,15m,55.63470441165348,57.115783397748686,52.051475687411866,234.70462799642473,234.0919649098486,234.553567980437,0.0,Input08,Input05,Input06,Input07,L1,L2,L3,1.7490763360445083,3.072965638807285,0.013238893027627766,4.510007518744273,,,0.0010858362520327516,
119,D0202 SP1 L1 / Mod3 / LR06 GSK14480 Skápur við Deildarás 17,2025-09-01 12:00,2025-10-01 12:00,15m,37.968943646135884,33.92800017215746,32.277724957786866,234.70462799642473,234.0919649098486,234.553567980437,0.0,Input04,Input01,Input02,Input03,L1,L2,L3,3.1140526696390363,5.463150260244256,0.031140526696390364,5.071617227357939,,,0.0010858362520327516,
120,D0202 SP1 L1 / Mod3 / Ónotað,2025-09-01 12:00,2025-10-01 12:00,15m,55.48249750892856,57.25809670777599,52.428080937252986,234.70462799642473,234.0919649098486,234.553567980437,0.0,Input08,Input05,Input06,Input07,L1,L2,L3,1.5911879850198238,2.9242928576019853,0.013331048725821613,4.231504782685198,,,0.0010858362520327516,
124,D0202 SP2 L1 / D0202 SP2 L1 / Spennir,2025-09-01 12:00,2025-10-01 12:00,15m,179.64724146525066,161.60701581107244,176.43757735358344,235.513927465015,234.64343943595887,235.07076542112563,0.0,Input04,Input01,Input02,Input03,L1,L2,L3,2.116496404351451,3.484742166558416,0.01368245762206965,16.668791813290003,,,0.0018627306721584903,
125,D0202 SP2 L1 / D0202 SP2 L1 / LR02 GSK14514 Skápur við Fjarðarás 25,2025-09-01 12:00,2025-10-01 12:00,15m,44.51556054155032,29.938962342010605,38.67140217224757,235.513927465015,234.64343943595887,235.07076542112563,0.0,Input08,Input05,Input06,Input07,L1,L2,L3,6.868168670820479,12.885285306925564,0.06017116636105085,12.706040050012135,,,0.0018627306721584903,
128,D0202 SP2 L1 / Mod1 / LR03 GSK14497 Skápur við Heiðarás 25,2025-09-01 12:00,2025-10-01 12:00,15m,43.095944729116226,40.83436570796702,25.421573726667297,235.513927465015,234.64343943595887,235.07076542112563,0.0,Input04,Input01,Input02,Input03,L1,L2,L3,10.085838403479729,16.162840848706537,0.06077002445226808,16.659115922820263,,,0.0018627306721584903,
129,D0202 SP2 L1 / Mod1 / LR04 GSK14486 Skápur við Selásbraut 48 / Dagheimili,2025-09-01 12:00,2025-10-01 12:00,15m,25.780213303698435,31.26309592425823,44.847653640641106,235.513927465015,234.64343943595887,235.07076542112563,0.0,Input08,Input05,Input06,Input07,L1,L2,L3,10.68200657318835,18.71357360861603,0.10682006573188349,17.002492334705558,,,0.0018627306721584903,
130,D0202 SP2 L1 / Mod2 / LR05 GSK14507 Skápur við Malarás 13,2025-09-01 12:00,2025-10-01 12:00,15m,27.258045696549946,17.8877351767487,21.82208251737886,235.513927465015,234.64343943595887,235.07076542112563,0.0,Input04,Input01,Input02,Input03,L1,L2,L3,7.369840273284217,13.992249484109529,0.07369840273284217,8.149585999286272,,,0.0018627306721584903,
131,D0202 SP2 L1 / Mod2 / LR06 GSK14479 Skápur við Eyktarás 21,2025-09-01 12:00,2025-10-01 12:00,15m,26.716065643231072,29.824522861176067,36.325181763039694,235.513927465015,234.64343943595887,235.07076542112563,0.0,Input08,Input05,Input06,Input07,L1,L2,L3,5.78245891005812,10.347317523060488,0.05782458910058119,8.49282594423493,,,0.0018627306721584903,
132,D0670 SP1 L1,2025-09-01 12:00,2025-10-01 12:00,15m,229.6932423591614,198.51762253620007,183.99048281598974,233.79893974728054,233.10734611087375,233.64848079681397,0.21186188074104764,L4,L1,L2,L3,L1,L2,L3,4.185898406002889,7.465315082043922,0.04185898406002889,40.445638143422165,,,0.0012019796694753737,
133,D0537 SP1 L1,2025-09-01 12:00,2025-10-01 12:00,15m,180.61687610911375,176.47456685273468,166.79907381410428,235.26377078162298,234.7935044783133,235.0823254938479,0.31818807449254743,L4,L1,L2,L3,L1,L2,L3,1.494796755005145,2.6375362509031253,0.011427394958979802,12.282213802488318,,,0.0009242305926203716,
134,D0688 SP1 L1,2025-09-01 12:00,2025-10-01 12:00,15m,1127.1886101590073,1088.7608774931612,1098.7375028363479,233.2890236819232,232.43512175524677,233.05524686530785,0.0009515878582207085,L4,L1,L2,L3,L1,L2,L3,0.6725505825076323,1.1593170871371696,0.006725505825076323,34.537582420897316,,,0.0015565409559487352,
144,D1484 SP1 L1,2025-09-01 12:00,2025-10-01 12:00,15m,109.34704137908088,103.25229728887271,105.67217835941248,234.73432642618815,234.60686213705276,234.52180866135492,,,L1,L2,L3,L1,L2,L3,1.0231942002564367,1.9149511546407465,0.010231942002564366,5.315371489087968,,,0.000483023053220903,
145,D0074 SP1 L1,2025-09-01 12:00,2025-10-01 12:00,15m,128.30993874867758,116.00570432080163,101.11034154891968,234.326947567198,233.93082658449808,234.23552997907004,,,L1,L2,L3,L1,L2,L3,4.062130224331874,7.874218620178794,0.0381208839584692,23.591143516065284,,,0.0006940116979921695,
146,D0074 SP2 L1,2025-09-01 12:00,2025-10-01 12:00,15m,174.19754202365874,159.85693479908838,157.0395655049218,233.98884651396008,233.6965138753255,233.72914400100709,,,L1,L2,L3,L1,L2,L3,2.1379872304437852,3.493827055488643,0.02137987230443785,15.937169502873386,,,0.0007870312748485765,
149,D0841 SP1 L1 / UMG801-4700-2312 / Measurement Group 1,2025-09-01 12:00,2025-10-01 12:00,15m,236.9667295164532,206.29777584340837,225.56331850952571,232.33308793173896,232.2938133239746,232.7557506243388,9.342353099750149,Input04,Input01,Input02,Input03,L1,L2,L3,2.488657247654303,4.585478142284051,0.020968208946297476,26.84942863649301,0.08252452807973176,0.08155662066315743,0.001268457124047,0.24389198633978465
150,D0841 SP1 L1 / UMG801-4700-2312 / Measurement Group 2,2025-09-01 12:00,2025-10-01 12:00,15m,9.397731011774805,83.50710943142573,25.388217149509323,232.33308793173896,232.2938133239746,232.7557506243388,32.15183256003592,Input08,Input05,Input06,Input07,L1,L2,L3,37.26008197844748,62.64896683524235,0.3726008197844748,67.54887584832595,,,0.001268457124047,0.24389198633978465
153,D0841 SP1 L1 / Mod1 / Measurement Group 1,2025-09-01 12:00,2025-10-01 12:00,15m,33.349314852555594,0.0,0.0,232.33308793173896,232.2938133239746,232.7557506243388,0.0,Input04,Input01,Input02,Input03,L1,L2,L3,66.66666666666666,100.0,0.6666666666666666,33.349314852555594,,,0.001268457124047,0.24389198633978465
154,D0841 SP1 L1 / Mod1 / Measurement Group 2,2025-09-01 12:00,2025-10-01 12:00,15m,0.0,0.0,0.0,232.33308793173896,232.2938133239746,232.7557506243388,0.0,Input08,Input05,Input06,Input07,L1,L2,L3,0.0,0.0,,0.0,,,0.001268457124047,0.24389198633978465
155,D1160 SP1 L1,2025-09-01 12:00,2025-10-01 12:00,15m,416.8130725118849,315.12664924727545,280.6106283452776,232.87217362721762,233.1421730518341,233.23115146425036,,,L1,L2,L3,L1,L2,L3,7.831342820192599,13.451424331892131,0.078313428201926,122.64295775178906,,,0.0006406280063845387,
156,D1159 SP1 L1,2025-09-01 12:00,2025-10-01 12:00,15m,542.953687122133,393.9939179632399,393.1724126021067,233.47893097665576,233.6602321041955,233.3859360218048,,,L1,L2,L3,L1,L2,L3,7.486568623040614,11.260733808098992,0.07486568623040614,149.37221611761117,,,0.0006503652909995313,
157,D1329 SP1 L1,2025-09-01 12:00,2025-10-01 12:00,15m,108.67783728705513,75.58512692716387,78.04558237261243,231.87582432958814,231.99235938919915,232.01268050935533,,,L1,L2,L3,L1,L2,L3,8.097965303777503,12.615948199360957,0.08097965303777503,31.933652790638376,,,0.0002258681162295535,
161,D1496 SP1 L1 / UMG801-4700-2682 / Measurement Group 1,2025-09-01 12:00,2025-10-01 12:00,15m,170.1938452049857,154.6715140678933,141.3251178896481,240.12719734512547,239.52373964946358,239.98189383821796,19.729004444534393,Input04,Input01,Input02,Input03,L1,L2,L3,3.1740286876311883,6.192474692114558,0.031740286876311884,25.024712502679634,0.0802111054691316,0.07304173795049707,0.001040476713246744,0.2348973035421736
162,D1496 SP1 L1 / UMG801-4700-2682 / Device-162,2025-09-01 12:00,2025-10-01 12:00,15m,50.332540466372194,33.9220189233338,20.12759363175101,240.12719734512547,239.52373964946358,239.98189383821796,0.0,Input08,Input05,Input06,Input07,L1,L2,L3,14.88615535265471,28.93688811765761,0.1488615535265471,26.190935452192978,,,0.001040476713246744,0.2348973035421736
165,D1496 SP1 L1 / Mod 1 / Device-165,2025-09-01 12:00,2025-10-01 12:00,15m,0.0,0.0,0.0,240.12719734512547,239.52373964946358,239.98189383821796,0.0,Input04,Input01,Input02,Input03,L1,L2,L3,0.0,0.0,,0.0,,,0.001040476713246744,0.2348973035421736
166,D1496 SP1 L1 / Mod 1 / Device-166,2025-09-01 12:00,2025-10-01 12:00,15m,0.0,0.0,0.0,240.12719734512547,239.52373964946358,239.98189383821796,0.0,Input08,Input05,Input06,Input07,L1,L2,L3,0.0,0.0,,0.0,,,0.001040476713246744,0.2348973035421736
169,D1457 SP1 L1 / UMG801-4700-2422 / Measurement Group 1,2025-09-01 12:00,2025-10-01 12:00,15m,31.577935834725697,33.96968247426881,19.18078880243831,235.51104092597961,234.6680417696635,235.1915463818444,9.426733966006173,Input04,Input01,Input02,Input03,L1,L2,L3,10.695366379449512,17.45446913970717,0.0675910276025766,13.749928773717812,0.19767651264202968,0.2201747742619749,0.001648060824380722,0.232679370134827
170,D1457 SP1 L1 / UMG801-4700-2422 / Measurement Group 2,2025-09-01 12:00,2025-10-01 12:00,15m,9.116234642598364,11.316988366511133,0.0,235.51104092597961,234.6680417696635,235.1915463818444,0.0,Input08,Input05,Input06,Input07,L1,L2,L3,33.33333333333333,55.38523394701764,0.2205190061368431,10.392864780703507,,,0.001648060824380722,0.232679370134827
173,D1457 SP1 L1 / Mod 1 / Measurement Group 1,2025-09-01 12:00,2025-10-01 12:00,15m,0.0,0.0,0.0,235.51104092597961,234.6680417696635,235.1915463818444,0.0,Input04,Input01,Input02,Input03,L1,L2,L3,0.0,0.0,,0.0,,,0.001648060824380722,0.232679370134827
174,D1457 SP1 L1 / Mod 1 / Measurement Group 2,2025-09-01 12:00,2025-10-01 12:00,15m,0.0,0.0,0.0,235.51104092597961,234.6680417696635,235.1915463818444,0.0,Input08,Input05,Input06,Input07,L1,L2,L3,0.0,0.0,,0.0,,,0.001648060824380722,0.232679370134827
177,D1457 SP2 L1 / UMG801-4700-2680 / Measurement Group 1,2025-09-01 12:00,2025-10-01 12:00,15m,39.95432057811154,33.90382471134265,34.83470552066962,235.311107439465,234.5919193320804,234.9518127653334,0.0,Input04,Input01,Input02,Input03,L1,L2,L3,3.4255889695768955,5.566599662878048,0.034255889695768954,5.6429379604664245,0.07835196069896438,0.0892015406814532,0.0015300778557820064,0.19457788384788471
178,D1457 SP2 L1 / UMG801-4700-2680 / Measurement Group 2,2025-09-01 12:00,2025-10-01 12:00,15m,0.0,0.0,0.0,235.311107439465,234.5919193320804,234.9518127653334,10.840769605752495,Input08,Input05,Input06,Input07,L1,L2,L3,0.0,0.0,,0.0,,,0.0015300778557820064,0.19457788384788471
181,D1457 SP2 L1 / Mod 1 / Measurement Group 1,2025-09-01 12:00,2025-10-01 12:00,15m,0.0,0.0,0.0,235.311107439465,234.5919193320804,234.9518127653334,0.0,Input04,Input01,Input02,Input03,L1,L2,L3,0.0,0.0,,0.0,,,0.0015300778557820064,0.19457788384788471
182,D1457 SP2 L1 / Mod 1 / Measurement Group 2,2025-09-01 12:00,2025-10-01 12:00,15m,0.0,0.0,0.0,235.311107439465,234.5919193320804,234.9518127653334,0.0,Input08,Input05,Input06,Input07,L1,L2,L3,0.0,0.0,,0.0,,,0.0015300778557820064,0.19457788384788471
202,D1525 SP1 L1 / UMG801-4700-2316 / Measurement Group 1,2025-09-01 12:00,2025-10-01 12:00,15m,195.6972825606664,174.22652499675752,164.45529549121858,236.23797444237604,235.7438575691647,235.3580505900913,0.0,Input04,Input01,Input02,Input03,L1,L2,L3,3.288099174826105,5.8464088305870705,0.03288099174826105,27.681511090126666,0.04686297460981775,0.07251517612773506,0.0019425466586759778,0.19296493130242226
203,D1525 SP1 L1 / UMG801-4700-2316 / Measurement Group 2,2025-09-01 12:00,2025-10-01 12:00,15m,0.0,0.0,0.0,236.23797444237604,235.7438575691647,235.3580505900913,0.0,Input08,Input05,Input06,Input07,L1,L2,L3,0.0,0.0,,0.0,,,0.0019425466586759778,0.19296493130242226
215,D0263 SP1 L1 / UMG801-4700-2324 / Measurement Group 1,2025-09-01 12:00,2025-10-01 12:00,15m,36.15084155069457,29.186946654982037,21.68339124090142,235.67581327226426,235.14077031877306,235.2880525694953,43.50484176940388,Input04,Input01,Input02,Input03,L1,L2,L3,8.415961058216366,16.62520595767685,0.08209244899460486,12.532084711592166,0.17924144287519125,0.1620374410600812,0.0013068936372913572,0.2491525127498984
216,D0263 SP1 L1 / UMG801-4700-2324 / Measurement Group 2,2025-09-01 12:00,2025-10-01 12:00,15m,16.272129253711967,23.26002161535952,20.34739422334565,235.67581327226426,235.14077031877306,235.2880525694953,0.0,Input08,Input05,Input06,Input07,L1,L2,L3,6.158562334993547,11.66991557945631,0.055113532444627626,6.079548608054938,,,0.0013068936372913572,0.2491525127498984
219,D0263 SP1 L1 / Mod 1 / Measurement Group 1,2025-09-01 12:00,2025-10-01 12:00,15m,0.0,0.0,0.0,235.67581327226426,235.14077031877306,235.2880525694953,0.0,Input04,Input01,Input02,Input03,L1,L2,L3,0.0,0.0,,0.0,,,0.0013068936372913572,0.2491525127498984
220,D0263 SP1 L1 / Mod 1 / Measurement Group 2,2025-09-01 12:00,2025-10-01 12:00,15m,0.0,0.0,0.0,235.67581327226426,235.14077031877306,235.2880525694953,0.0,Input08,Input05,Input06,Input07,L1,L2,L3,0.0,0.0,,0.0,,,0.0013068936372913572,0.2491525127498984
223,D1456 SP1 L1 / UMG801-4700-2313 / Measurement Group 1,2025-09-01 12:00,2025-10-01 12:00,15m,41.46925926340951,24.489909668101205,25.40245366361406,236.9349316596985,236.13439989619786,236.46987006929186,0.0,Input04,Input01,Input02,Input03,L1,L2,L3,12.056906118940134,18.584772372699035,0.12056906118940133,16.541966198204207,0.24033751485452137,0.22880928777434023,0.001783683482192849,0.20708225067330222
224,D1456 SP1 L1 / UMG801-4700-2313 / Measurement Group 2,2025-09-01 12:00,2025-10-01 12:00,15m,0.0,23.05097593863805,11.549080012904273,236.9349316596985,236.13439989619786,236.46987006929186,0.0,Input08,Input05,Input06,Input07,L1,L2,L3,33.33333333333333,66.62121000879635,0.33287876675463013,19.962744685470316,,,0.001783683482192849,0.20708225067330222
227,D1456 SP1 L1 / Mod 1 / Measurement Group 1,2025-09-01 12:00,2025-10-01 12:00,15m,0.0,0.0,0.0,236.9349316596985,236.13439989619786,236.46987006929186,0.0,Input04,Input01,Input02,Input03,L1,L2,L3,0.0,0.0,,0.0,,,0.001783683482192849,0.20708225067330222
228,D1456 SP1 L1 / Mod 1 / Measurement Group 2,2025-09-01 12:00,2025-10-01 12:00,15m,0.0,0.0,0.0,236.9349316596985,236.13439989619786,236.46987006929186,0.0,Input08,Input05,Input06,Input07,L1,L2,L3,0.0,0.0,,0.0,,,0.001783683482192849,0.20708225067330222
229,D0710 SP1 L1,2025-09-01 12:00,2025-10-01 12:00,15m,82.68051798873478,103.3788440267245,93.02873831722471,236.3797009309133,235.86818067762587,236.33092957072787,,,L1,L2,L3,L1,L2,L3,3.7083190708690816,7.4164129582438285,0.037083190708690816,17.925276189500092,,,0.0007907258933418437,
232,D1299 SP1 L1 / UMG801-4700-1575 / Device-232,2025-09-01 12:00,2025-10-01 12:00,15m,98.694186602813,5.469457083476891,5.400878504256483,232.35895078756855,232.06835436679611,232.10424011145312,0.0,Input04,Input01,Input02,Input03,L1,L2,L3,56.74526567809802,85.14919449592252,0.5674526567809802,93.2590377200706,0.8534867353397884,0.8519719625399046,0.0007828893042879927,0.1397481110581188
233,D1299 SP1 L1 / UMG801-4700-1575 / Device-233,2025-09-01 12:00,2025-10-01 12:00,15m,4.232995368161915e-06,0.0,0.0,232.35895078756855,232.06835436679611,232.10424011145312,0.0,Input08,Input05,Input06,Input07,L1,L2,L3,66.66666666666667,100.0,0.6666666666666667,4.232995368161915e-06,,,0.0007828893042879927,0.1397481110581188
236,D1299 SP1 L1 / Mod1 / Device-236,2025-09-01 12:00,2025-10-01 12:00,15m,0.006570290023807754,0.0,2.9088993749434e-06,232.35895078756855,232.06835436679611,232.10424011145312,0.0,Input04,Input01,Input02,Input03,L1,L2,L3,66.62241272868398,99.95574606201731,0.6662241272868399,0.00656883605717937,,,0.0007828893042879927,0.1397481110581188
237,D1299 SP1 L1 / Mod1 / Device-237,2025-09-01 12:00,2025-10-01 12:00,15m,4.936768854543144e-05,3.0146324689547786e-07,0.0,232.35895078756855,232.06835436679611,232.10424011145312,0.0,Input08,Input05,Input06,Input07,L1,L2,L3,66.05972405537356,99.39305738870691,0.6605972405537357,4.9217649362066465e-05,,,0.0007828893042879927,0.1397481110581188
240,D1411 SP1 L1 / UMG801-4700-1622 / Device-240,2025-09-01 12:00,2025-10-01 12:00,15m,261.8872713512844,246.91386460463207,233.58556551933287,232.59499005211725,231.96458100742763,232.5859263367123,0.0,Input04,Input01,Input02,Input03,L1,L2,L3,1.9430624898770825,3.8122592680756835,0.019430624898770826,24.52379476249748,0.046476466186896326,0.04136490099554563,0.0009172730261946015,0.20221245411882477
241,D1411 SP1 L1 / UMG801-4700-1622 / Device-241,2025-09-01 12:00,2025-10-01 12:00,15m,63.71937178770701,55.350564104649756,15.384127816806236,232.59499005211725,231.96458100742763,232.5859263367123,0.0,Input08,Input05,Input06,Input07,L1,L2,L3,21.8914122843098,35.94926225171932,0.14057849967409522,44.74175220815985,,,0.0009172730261946015,0.20221245411882477
244,D1411 SP1 L1 / Mod 1 / Device-244,2025-09-01 12:00,2025-10-01 12:00,15m,0.0,7.741250191194303e-05,0.0,232.59499005211725,231.96458100742763,232.5859263367123,0.0,Input04,Input01,Input02,Input03,L1,L2,L3,66.66666666666666,100.0,0.6666666666666666,7.741250191194303e-05,,,0.0009172730261946015,0.20221245411882477
245,D1411 SP1 L1 / Mod 1 / Device-245,2025-09-01 12:00,2025-10-01 12:00,15m,14.269016105764441,119.01504982113838,0.0,232.59499005211725,231.96458100742763,232.5859263367123,0.0,Input08,Input05,Input06,Input07,L1,L2,L3,55.96094876518096,89.29428209851429,0.5596094876518096,112.56091347278785,,,0.0009172730261946015,0.20221245411882477
248,D0176 SP2 L1 / UMG801-4700-2673 / Measurement Group 1,2025-09-01 12:00,2025-10-01 12:00,15m,243.3963683221633,190.1445351749026,185.0847613092005,232.96322809226663,232.84205871751988,233.05486034442438,0.0,Input04,Input01,Input02,Input03,L1,L2,L3,6.011359615735825,9.42599221634688,0.06011359615735825,55.95356359317057,,,0.0004356148798897111,
249,D0176 SP2 L1 / UMG801-4700-2673 / Measurement Group 2,2025-09-01 12:00,2025-10-01 12:00,15m,60.701735500836264,0.0,0.0,232.96322809226663,232.84205871751988,233.05486034442438,0.0,Input08,Input05,Input06,Input07,L1,L2,L3,66.66666666666667,100.0,0.6666666666666667,60.701735500836264,,,0.0004356148798897111,
253,D0173 SP1 L1 / UMG801-4700-2803 / Measurement Group 1,2025-09-01 12:00,2025-10-01 12:00,15m,349.27898316383363,319.6647327423096,290.86858223809134,232.45476218859355,232.3544791486528,232.91504306793212,48.18483350872994,Input04,Input01,Input02,Input03,L1,L2,L3,3.057009220013092,6.085606637743325,0.030570092200130922,50.58654489187929,0.055674125345598756,0.060646663147223494,0.0014631063034995502,0.20193846573319255
254,D0173 SP1 L1 / UMG801-4700-2803 / Measurement Group 2,2025-09-01 12:00,2025-10-01 12:00,15m,24.07489151677324,33.42547877530257,27.064656610952483,232.45476218859355,232.3544791486528,232.91504306793212,38.04214551978641,Input08,Input05,Input06,Input07,L1,L2,L3,6.193028804092532,11.057274621637337,0.06193028804092532,8.271403629500593,,,0.0014631063034995502,0.20193846573319255
257,D0173 SP1 L1 / Mod1 / Measurement Group 1,2025-09-01 12:00,2025-10-01 12:00,15m,29.074390266338984,0.0,0.0,232.45476218859355,232.3544791486528,232.91504306793212,0.0,Input04,Input01,Input02,Input03,L1,L2,L3,66.66666666666667,100.0,0.6666666666666667,29.074390266338984,,,0.0014631063034995502,0.20193846573319255
258,D0173 SP1 L1 / Mod1 / Measurement Group 2,2025-09-01 12:00,2025-10-01 12:00,15m,0.0,0.0,0.0,232.45476218859355,232.3544791486528,232.91504306793212,0.0,Input08,Input05,Input06,Input07,L1,L2,L3,0.0,0.0,,0.0,,,0.0014631063034995502,0.20193846573319255
261,D0006 SP2 L1 / UMG801-4700-2328 / Measurement Group 1,2025-09-01 12:00,2025-10-01 12:00,15m,343.9008650466691,340.64799054839125,328.8485631541934,233.76844456345722,232.85151325211254,233.31669298697364,0.0,Input04,Input01,Input02,Input03,L1,L2,L3,0.8832247115784118,1.4853305933079426,0.006021058817295309,13.718226408591578,0.029122375119133754,0.046916511933939156,0.001955438233244237,0.1645932827091803
262,D0006 SP2 L1 / UMG801-4700-2328 / Measurement Group 2,2025-09-01 12:00,2025-10-01 12:00,15m,25358.670724766085,36852.11734488972,0.0,233.76844456345722,232.85151325211254,233.31669298697364,0.0,Input08,Input05,Input06,Input07,L1,L2,L3,33.33333333333333,59.23750283251091,0.2590416949917758,32659.149169400152,,,0.001955438233244237,0.1645932827091803
265,D0006 SP2 L1 / Mod. 1 / Measurement Group 1,2025-09-01 12:00,2025-10-01 12:00,15m,26.380524117568168,13.729945099324805,1.9423862102636553,233.76844456345722,232.85151325211254,233.31669298697364,3.046653970416035,Input04,Input01,Input02,Input03,L1,L2,L3,29.39849272129486,58.11290971581208,0.2939849272129486,21.16844678331806,,,0.001955438233244237,0.1645932827091803
266,D0006 SP2 L1 / Mod. 1 / Measurement Group 2,2025-09-01 12:00,2025-10-01 12:00,15m,29.00777982133426,44.07477357247589,74.24142096977592,233.76844456345722,232.85151325211254,233.31669298697364,0.0,Input08,Input05,Input06,Input07,L1,L2,L3,17.059972501976873,30.703516752003956,0.17059972501976872,39.89438060326267,,,0.001955438233244237,0.1645932827091803
268,D0006 SP2 L1 / Mod. 2 / Measurement Group 1,2025-09-01 12:00,2025-10-01 12:00,15m,0.0,0.0,0.0,233.76844456345722,232.85151325211254,233.31669298697364,0.0,Input04,Input01,Input02,Input03,L1,L2,L3,0.0,0.0,,0.0,,,0.001955438233244237,0.1645932827091803
269,D0006 SP2 L1 / Mod. 2 / Measurement Group 2,2025-09-01 12:00,2025-10-01 12:00,15m,0.0,0.0,0.0,233.76844456345722,232.85151325211254,233.31669298697364,0.0,Input08,Input05,Input06,Input07,L1,L2,L3,0.0,0.0,,0.0,,,0.001955438233244237,0.1645932827091803
272,D0615 SP1 L1 / UMG801-4700-2818 / Measurement Group 1,2025-09-01 12:00,2025-10-01 12:00,15m,136.71430206033827,135.5308383889975,138.8556996325976,233.30936519070275,232.45707396824935,232.92467825526205,7.511491568066172,Input04,Input01,Input02,Input03,L1,L2,L3,0.44322124751435527,0.8087702382066304,0.004432212475143553,2.9189785981622807,0.049255121780887826,0.05910748429915041,0.0017704220464001374,0.17911364016363562
273,D0615 SP1 L1 / UMG801-4700-2818 / Measurement Group 2,2025-09-01 12:00,2025-10-01 12:00,15m,55.89330676729044,15.00025586545281,5.434923666224955,233.30936519070275,232.45707396824935,232.92467825526205,39.6346365129339,Input08,Input05,Input06,Input07,L1,L2,L3,39.893989095627234,66.10688295772947,0.3989398909562723,46.42082300711481,,,0.0017704220464001374,0.17911364016363562
276,D0615 SP1 L1 / Mod 1 / Measurement Group 1,2025-09-01 12:00,2025-10-01 12:00,15m,0.0,0.0,0.0,233.30936519070275,232.45707396824935,232.92467825526205,0.0,Input04,Input01,Input02,Input03,L1,L2,L3,0.0,0.0,,0.0,,,0.0017704220464001374,0.17911364016363562
277,D0615 SP1 L1 / Mod 1 / Measurement Group 2,2025-09-01 12:00,2025-10-01 12:00,15m,16.49609144051152,0.0,0.0,233.30936519070275,232.45707396824935,232.92467825526205,0.0,Input08,Input05,Input06,Input07,L1,L2,L3,66.66666666666666,100.0,0.6666666666666666,16.49609144051152,,,0.0017704220464001374,0.17911364016363562
280,D1508 SP1 L1 / UMG801-4700-2016 / Measurement Group 1,2025-09-01 12:00,2025-10-01 12:00,15m,101.50505223770936,101.6502752419975,108.53643229934904,228.89288958443535,228.46424074172972,228.3837369600932,53.65906876507733,Input04,Input01,Input02,Input03,L1,L2,L3,1.4883868097611026,2.2558761471987276,0.014883868097611027,6.9599049674082565,0.05462491376402959,0.04720580571712942,0.001367574125717621,0.11463183458877829
281,D1508 SP1 L1 / UMG801-4700-2016 / Measurement Group 2,2025-09-01 12:00,2025-10-01 12:00,15m,11.860246217771131,10.600252148199136,16.306116428226233,228.89288958443535,228.46424074172972,228.3837369600932,0.0,Input08,Input05,Input06,Input07,L1,L2,L3,8.728932136045017,14.718500210344097,0.08728932136045017,5.191831765651592,,,0.001367574125717621,0.11463183458877829
285,D1379 SP1 L1 / UMG801-4700-2676 / Measurement Group 1,2025-09-01 12:00,2025-10-01 12:00,15m,21.079792647205796,25.650486665711107,17.980264739353125,234.30009150919852,233.38803848659487,233.7726921394789,6.485429537072311,Input04,Input01,Input02,Input03,L1,L2,L3,6.305472121604419,11.853125388904706,0.06305472121604419,6.683211109262529,0.16813814257654935,0.1541962431025259,0.002052078101727194,0.23250026139717234
286,D1379 SP1 L1 / UMG801-4700-2676 / Measurement Group 2,2025-09-01 12:00,2025-10-01 12:00,15m,9.538830926705336,0.00027879331683482075,0.0,234.30009150919852,233.38803848659487,233.7726921394789,2.231148282520955,Input08,Input05,Input06,Input07,L1,L2,L3,66.66374403211253,99.99707736544586,0.6666374403211253,9.538691533102593,,,0.002052078101727194,0.23250026139717234
289,D1379 SP1 L1 / Mod1 / Measurement Group 1,2025-09-01 12:00,2025-10-01 12:00,15m,0.0,0.0,0.0,234.30009150919852,233.38803848659487,233.7726921394789,0.0,Input04,Input01,Input02,Input03,L1,L2,L3,0.0,0.0,,0.0,,,0.002052078101727194,0.23250026139717234
290,D1379 SP1 L1 / Mod1 / Measurement Group 2,2025-09-01 12:00,2025-10-01 12:00,15m,0.0,0.0,0.0,234.30009150919852,233.38803848659487,233.7726921394789,0.0,Input08,Input05,Input06,Input07,L1,L2,L3,0.0,0.0,,0.0,,,0.002052078101727194,0.23250026139717234
293,D0383 SP1 L1 / UMG801-4700-2318 / Measurement Group 1,2025-09-01 12:00,2025-10-01 12:00,15m,307.9909817112817,212.64573141468895,256.91902582380504,233.03641836908128,232.69999168713886,232.42629175186158,13.376570147938198,Input04,Input01,Input02,Input03,L1,L2,L3,6.276815017867459,12.262175625553622,0.06276815017867458,82.64135172578122,0.1112929357403567,0.12137621679280718,0.0013557775239364763,0.1352144066101242
294,D0383 SP1 L1 / UMG801-4700-2318 / Measurement Group 2,2025-09-01 12:00,2025-10-01 12:00,15m,16.855820194880167,36.660355949401854,0.0,233.03641836908128,232.69999168713886,232.42629175186158,0.0,Input08,Input05,Input06,Input07,L1,L2,L3,35.16998396378424,68.50331729711758,0.3516998396378424,31.783014404168004,,,0.0013557775239364763,0.1352144066101242
297,D0383 SP1 L1 / Mod1 / Measurement Group 1,2025-09-01 12:00,2025-10-01 12:00,15m,32.77642692791091,3.674788584046635e-08,65.3448392841551,233.03641836908128,232.69999168713886,232.42629175186158,56.26965279181798,Input04,Input01,Input02,Input03,L1,L2,L3,33.333333295881836,66.59600079121188,0.33262667495330045,56.590386371837056,,,0.0013557775239364763,0.1352144066101242
298,D0383 SP1 L1 / Mod1 / Measurement Group 2,2025-09-01 12:00,2025-10-01 12:00,15m,9.130764092784375,0.0,0.0,233.03641836908128,232.69999168713886,232.42629175186158,0.0,Input08,Input05,Input06,Input07,L1,L2,L3,66.66666666666666,100.0,0.6666666666666666,9.130764092784375,,,0.0013557775239364763,0.1352144066101242
301,D0613 SP1 L1 / UMG801-4700-2675 / Measurement Group 1,2025-09-01 12:00,2025-10-01 12:00,15m,125.91388338177919,125.52953847249348,117.57220963363275,235.551143208227,234.74460910805084,235.07207971093715,0.0,Input04,Input01,Input02,Input03,L1,L2,L3,1.4722955882463205,2.2605204322949755,0.00788224844048655,8.156295855949882,0.03658211015264043,0.04448422109028351,0.0018225917586449005,0.195498757314983
302,D0613 SP1 L1 / UMG801-4700-2675 / Measurement Group 2,2025-09-01 12:00,2025-10-01 12:00,15m,0.0,0.0,10.75341592634728,235.551143208227,234.74460910805084,235.07207971093715,36.96873285443566,Input08,Input05,Input06,Input07,L1,L2,L3,66.66666666666667,100.0,0.6666666666666667,10.75341592634728,,,0.0018225917586449005,0.195498757314983
305,D0613 SP1 L1 / Mod1 / Measurement Group 1,2025-09-01 12:00,2025-10-01 12:00,15m,39.5434725667838,0.0,0.0,235.551143208227,234.74460910805084,235.07207971093715,0.0,Input04,Input01,Input02,Input03,L1,L2,L3,66.66666666666666,100.0,0.6666666666666666,39.5434725667838,,,0.0018225917586449005,0.195498757314983
306,D0613 SP1 L1 / Mod1 / Measurement Group 2,2025-09-01 12:00,2025-10-01 12:00,15m,0.0,0.0,0.0,235.551143208227,234.74460910805084,235.07207971093715,0.0,Input08,Input05,Input06,Input07,L1,L2,L3,0.0,0.0,,0.0,,,0.0018225917586449005,0.195498757314983
309,D0613 SP2 L1 / UMG801-4700-2812 / Measurement Group 1,2025-09-01 12:00,2025-10-01 12:00,15m,134.8587492081854,139.26307550403806,131.28784501949946,240.8059837182363,239.8375605530209,240.3632997141944,12.790739128738641,Input04,Input01,Input02,Input03,L1,L2,L3,1.0178639620332193,1.967202827159045,0.010178639620332193,6.919311675543803,0.055067473143562605,0.05633410845619492,0.001957134222828296,0.18383486638523527
310,D0613 SP2 L1 / UMG801-4700-2812 / Measurement Group 2,2025-09-01 12:00,2025-10-01 12:00,15m,32.1931800680028,37.09833795858754,14.312826402154233,240.8059837182363,239.8375605530209,240.3632997141944,41.69771377676063,Input08,Input05,Input06,Input07,L1,L2,L3,16.213617246864935,27.253980295070967,0.11040363048206032,20.771942109920122,,,0.001957134222828296,0.18383486638523527
313,D0613 SP2 L1 / Mod 1 / Measurement Group 1,2025-09-01 12:00,2025-10-01 12:00,15m,0.0,0.0,0.0,240.8059837182363,239.8375605530209,240.3632997141944,0.0,Input04,Input01,Input02,Input03,L1,L2,L3,0.0,0.0,,0.0,,,0.001957134222828296,0.18383486638523527
314,D0613 SP2 L1 / Mod 1 / Measurement Group 2,2025-09-01 12:00,2025-10-01 12:00,15m,0.0,0.0,0.0,240.8059837182363,239.8375605530209,240.3632997141944,0.0,Input08,Input05,Input06,Input07,L1,L2,L3,0.0,0.0,,0.0,,,0.001957134222828296,0.18383486638523527
317,D1454 SP1 L1 / UMG801-4700-2819 / Measurement Group 1,2025-09-01 12:00,2025-10-01 12:00,15m,100.2465519845844,76.74704225039434,59.4461382175973,236.4643579089331,235.7895890964057,235.89783443840807,34.80392312640418,Input04,Input01,Input02,Input03,L1,L2,L3,9.065019492028359,17.256157983164126,0.09065019492028359,35.469860456849126,0.19133244456970097,0.13293441450882307,0.0017528619083917076,0.2243722790131429
318,D1454 SP1 L1 / UMG801-4700-2819 / Measurement Group 2,2025-09-01 12:00,2025-10-01 12:00,15m,0.0,0.0,0.9616241631980889,236.4643579089331,235.7895890964057,235.89783443840807,0.0,Input08,Input05,Input06,Input07,L1,L2,L3,66.66666666666666,100.0,0.6666666666666666,0.9616241631980889,,,0.0017528619083917076,0.2243722790131429
321,D1454 SP1 L1 / Mod 1 / Measurement Group 1,2025-09-01 12:00,2025-10-01 12:00,15m,12.532978872689073,0.0,0.0,236.4643579089331,235.7895890964057,235.89783443840807,0.0,Input04,Input01,Input02,Input03,L1,L2,L3,66.66666666666666,100.0,0.6666666666666665,12.532978872689073,,,0.0017528619083917076,0.2243722790131429
322,D1454 SP1 L1 / Mod 1 / Measurement Group 2,2025-09-01 12:00,2025-10-01 12:00,15m,0.0,0.0,0.0,236.4643579089331,235.7895890964057,235.89783443840807,0.0,Input08,Input05,Input06,Input07,L1,L2,L3,0.0,0.0,,0.0,,,0.0017528619083917076,0.2243722790131429
323,D1534 SP1 L1,2025-09-01 12:00,2025-10-01 12:00,15m,269.1157322662848,268.6467143688765,268.6788954578616,415.60267880051225,415.15917352747033,415.48665972109194,0.00025402073478525617,L4,L1,L2,L3,L1,L2,L3,0.0374424713677019,0.058158959979784854,0.000374424713677019,0.4537839837005103,0.0013848172479263476,0.002045515971349366,0.00044896691715393133,
324,D1534 SP2 L1,2025-09-01 12:00,2025-10-01 12:00,15m,270.7962068827202,271.07094514953593,270.9489473761094,415.62686858707,415.1276746891163,415.5033099633676,0.00025543839244535234,L4,L1,L2,L3,L1,L2,L3,0.01753076989641802,0.03380079048824485,0.00016270020591826833,0.23842633068453523,0.000872448296967868,0.0009346248252473124,0.0004996979718421355,
328,D1532 SP1 L1 / UMG801-4700-2672 / Measurement Group 1,2025-09-01 12:00,2025-10-01 12:00,15m,114.2914632956187,100.15342663791445,109.38942235310873,236.47243305312261,235.8680304368337,235.92092554834153,16.298279195941156,Input04,Input01,Input02,Input03,L1,L2,L3,2.405966208238924,4.365824164176268,0.01959857955937344,12.434180768907035,0.06544634127987849,0.049362799829171355,0.0016320388757032204,0.14564471936214735
329,D1532 SP1 L1 / UMG801-4700-2672 / Measurement Group 2,2025-09-01 12:00,2025-10-01 12:00,15m,15.479485564678907,50.20850192175971,0.0,236.47243305312261,235.8680304368337,235.92092554834153,0.0,Input08,Input05,Input06,Input07,L1,L2,L3,43.101497208743076,76.4348305420764,0.4310149720874308,44.53432785899456,,,0.0016320388757032204,0.14564471936214735
331,D1551 SP1 L1,2025-09-01 12:00,2025-10-01 12:00,15m,0.1149675568723372,0.08226449033180769,1.1944651455851272,236.1639158513811,236.3258355193668,236.1094928900401,,,L1,L2,L3,L1,L2,L3,52.49461485639838,79.9168569869873,0.5249461485639838,1.0962150409805083,,,0.0005338169640684055,
332,D1551 SP2 L1,2025-09-01 12:00,2025-10-01 12:00,15m,74.74421485000187,46.85193540586366,47.690934869978165,236.2639681339264,236.04155563248528,235.98665959570144,,,L1,L2,L3,L1,L2,L3,10.81900988554773,16.476318570553566,0.10819009885547731,27.482386453583587,,,0.0007055295136733388,
333,D1049 SP2 L1,2025-09-01 12:00,2025-10-01 12:00,15m,63.378797784778804,74.3249200489786,89.54375270605087,237.67744317584567,236.04423917664423,235.05239786042108,,,L1,L2,L3,L1,L2,L3,6.070296767959681,11.513859696268257,0.060702967679596806,22.760001385094217,,,0.006007907785435411,
334,D1021 SP1 L1,2025-09-01 12:00,2025-10-01 12:00,15m,80.32970708873538,87.8712860279613,89.92612571716309,234.33479509353637,236.64132141537135,235.1788987689548,,,L1,L2,L3,L1,L2,L3,2.213121148096579,3.7177103559600515,0.015045892078634727,8.751829224137383,,,0.005337282730716698,
335,D1019 SP1 L1,2025-09-01 12:00,2025-10-01 12:00,15m,114.56590091475734,123.16593995005996,115.28830806944106,235.4635131376761,234.56652373561153,237.11800113254122,59.90957786242167,L4,L1,L2,L3,L1,L2,L3,1.5558763397940494,2.4361326290483727,0.015558763397940493,8.262554918196141,,,0.0059477862706878715,
338,D1030 SP1 L1 / UMG801-4700-7801 / Measurement Group 1,2025-09-01 12:00,2025-10-01 12:00,15m,235.9912844525443,175.66390415562523,192.08760743670993,235.3723724577162,234.2405453575982,236.5754565662808,0.0,Input04,Input01,Input02,Input03,L1,L2,L3,5.754716412108563,9.992231906057329,0.05754716412108563,54.02158688184247,0.13063508156732176,0.08985689163343424,0.00500998805077386,0.7191587974261494
339,D1030 SP1 L1 / UMG801-4700-7801 / Measurement Group 2,2025-09-01 12:00,2025-10-01 12:00,15m,0.0,0.0,25.645515409111976,235.3723724577162,234.2405453575982,236.5754565662808,45.89537675248252,Input08,Input05,Input06,Input07,L1,L2,L3,66.66666666666666,100.0,0.6666666666666666,25.645515409111976,,,0.00500998805077386,0.7191587974261494
342,D1030 SP1 L1 / Mod. 1 / Measurement Group 1,2025-09-01 12:00,2025-10-01 12:00,15m,63.08258549835947,36.56950157251623,24.224478860696156,235.3723724577162,234.2405453575982,236.5754565662808,38.5800773948431,Input04,Input01,Input02,Input03,L1,L2,L3,17.590410817925793,31.368408016031164,0.17590410817925792,34.38964710838259,,,0.00500998805077386,0.7191587974261494
343,D1030 SP1 L1 / Mod. 1 / Measurement Group 2,2025-09-01 12:00,2025-10-01 12:00,15m,0.0,0.0,0.0,235.3723724577162,234.2405453575982,236.5754565662808,0.0,Input08,Input05,Input06,Input07,L1,L2,L3,0.0,0.0,,0.0,,,0.00500998805077386,0.7191587974261494
344,D1046 SP2 L1,2025-09-01 12:00,2025-10-01 12:00,15m,139.51561917687036,129.43481669197533,141.7830477332495,236.8986472659641,235.08981953726874,234.20761728639957,0.001704138690119515,L4,L1,L2,L3,L1,L2,L3,1.8202422756372885,3.0063852922292367,0.011861430165919482,11.385135503068152,,,0.006371966383898419,
348,D0662 SP2 L1 / UMG801-4700-7805 / Measurement Group 1,2025-09-01 12:00,2025-10-01 12:00,15m,16.58456585661689,11.587266994521391,16.228140028843416,240.80806008444893,240.00838645299277,240.34260047806634,7.625677979955071,Input04,Input01,Input02,Input03,L1,L2,L3,7.235869206850365,11.25518449212521,0.040193152852748444,4.828961472641006,0.18345320325115308,0.07132254325843596,0.0017543054379951177,0.18937654859992573
349,D0662 SP2 L1 / UMG801-4700-7805 / Measurement Group 2,2025-09-01 12:00,2025-10-01 12:00,15m,7.44436029852473,0.0,0.0,240.80806008444893,240.00838645299277,240.34260047806634,0.0,Input08,Input05,Input06,Input07,L1,L2,L3,66.66666666666667,100.0,0.6666666666666667,7.44436029852473,,,0.0017543054379951177,0.18937654859992573
354,D1554 SP1 L1 / UMG801-4700-2669 / Measurement Group 1,2025-09-01 12:00,2025-10-01 12:00,15m,106.39897966670493,101.025140354339,101.57365359042193,235.23465348349677,234.70073121388754,234.87988016870287,37.77472161535876,Input04,Input01,Input02,Input03,L1,L2,L3,1.1002415184036651,1.7391191041793725,0.011002415184036652,5.121659275456488,0.01888197999978917,0.018689108398902487,0.0012608915111565356,0.13084196624880404
355,D1554 SP1 L1 / UMG801-4700-2669 / Measurement Group 2,2025-09-01 12:00,2025-10-01 12:00,15m,37.70895636619082,37.91972766184804,64.46562500611488,235.23465348349677,234.70073121388754,234.87988016870287,63.90370801365239,Input08,Input05,Input06,Input07,L1,L2,L3,12.682543721600235,19.099040371012517,0.12682543721600234,26.651908065447415,,,0.0012608915111565356,0.13084196624880404
358,D1554 SP1 L1 / Mod. 1 / Measurement Group 1,2025-09-01 12:00,2025-10-01 12:00,15m,0.0639428737428476,0.0,0.0,235.23465348349677,234.70073121388754,234.87988016870287,0.0,Input04,Input01,Input02,Input03,L1,L2,L3,66.66666666666666,100.0,0.6666666666666666,0.0639428737428476,,,0.0012608915111565356,0.13084196624880404
359,D1554 SP1 L1 / Mod. 1 / Measurement Group 2,2025-09-01 12:00,2025-10-01 12:00,15m,0.0,0.0,0.0,235.23465348349677,234.70073121388754,234.87988016870287,0.0,Input08,Input05,Input06,Input07,L1,L2,L3,0.0,0.0,,0.0,,,0.0012608915111565356,0.13084196624880404
360,D1441 SP1 L1,2025-09-01 12:00,2025-10-01 12:00,15m,473.19639636323654,402.5315831774064,388.8887380818374,238.05092806051707,238.20234924782324,238.2366935671741,,,L1,L2,L3,L1,L2,L3,4.084833749959764,6.666656948826379,0.040848337499597646,78.38183555449358,,,0.0003080656621926285,
361,D1398 SP1 L1,2025-09-01 12:00,2025-10-01 12:00,15m,233.15596984144713,229.9770999143521,12.496756894886493,235.1775308556027,235.5937423441145,407.6610262129042,,,L1,L2,L3,L1,L2,L3,30.705920964582873,46.39305623459527,0.156871352700124,219.08707523730538,,,0.3922337321344863,
362,D1398 SP2 L1,2025-09-01 12:00,2025-10-01 12:00,15m,45.809591397560304,32.7546485690607,35.4858357946078,235.645857307646,235.31859517097473,235.5687164041731,,,L1,L2,L3,L1,L2,L3,6.832875318264264,11.446676156385,0.06832875318264264,11.926249319586589,,,0.0005723765818152314,
365,D1528 SP1 L1 / UMG801-4700-2815 / Measurement Group 1,2025-09-01 12:00,2025-10-01 12:00,15m,18.225763875643963,17.694446000834002,19.52293197186832,239.69039172091635,238.79650871478466,239.21500574464758,13.761457159022493,Input04,Input01,Input02,Input03,L1,L2,L3,1.8791948911122192,3.297947969896401,0.01879194891112219,1.6291569445919607,0.02098811236871046,0.05740910781605107,0.0019078519516379118,0.21897021876633374
366,D1528 SP1 L1 / UMG801-4700-2815 / Measurement Group 2,2025-09-01 12:00,2025-10-01 12:00,15m,1.8055903830238995,0.0,0.0,239.69039172091635,238.79650871478466,239.21500574464758,0.0,Input08,Input05,Input06,Input07,L1,L2,L3,66.66666666666666,100.0,0.6666666666666666,1.8055903830238995,,,0.0019078519516379118,0.21897021876633374
368,D1341 SP1 L1,2025-09-01 12:00,2025-10-01 12:00,15m,145.3513693385654,132.99282073179882,114.80129924880134,234.19003496699864,233.76522375212775,233.7197227742937,,,L1,L2,L3,L1,L2,L3,4.132616965555623,7.770678011000333,0.03638061045444711,26.617399948357544,,,0.001275695202457803,
369,D1390 SP1 L1,2025-09-01 12:00,2025-10-01 12:00,15m,19.628026025162804,18.24502631235454,19.268976935744284,234.34996645185683,235.00464453167385,234.35628960927326,,,L1,L2,L3,L1,L2,L3,1.404074704620435,2.420284561814483,0.010162098571940482,1.2429962456460488,,,0.0018516595396205061,
370,D1357 SP1 L1,2025-09-01 12:00,2025-10-01 12:00,15m,164.00356945196788,129.39932661188973,129.49720720714993,240.04609892633226,240.2630011876424,240.5609118991428,,,L1,L2,L3,L1,L2,L3,5.447354631377163,8.182604490380715,0.054473546313771624,34.5554065127052,,,0.001127420576202529,
371,D1340 SP1 L1,2025-09-01 12:00,2025-10-01 12:00,15m,65.01300553215874,53.06930991411209,35.27748119168811,234.51836637920803,233.56504094865588,234.00248460769654,,,L1,L2,L3,L1,L2,L3,10.33025040999801,19.3893869138782,0.09059136503880193,25.917199328894867,,,0.002092631712073249,
372,D1418 SP1 L1,2025-09-01 12:00,2025-10-01 12:00,15m,120.04145316724424,100.44663420606543,97.51113702897672,234.3444311177289,234.28969933545147,234.3773665216234,45.751138077841865,L4,L1,L2,L3,L1,L2,L3,4.415643379699543,7.085022355200918,0.04415643379699543,21.21543328674138,,,0.00017155137659252226,
373,D1365 SP1 L1,2025-09-01 12:00,2025-10-01 12:00,15m,0.9796705190092325,0.9471046912794312,1.0069482208126121,236.2490711900923,235.45434804492527,235.62997238900925,,,L1,L2,L3,L1,L2,L3,1.0499666996932235,2.039849049803464,0.0098988235011024,0.051893420480779606,,,0.0019988056028346266,
375,D1416 SP1 L1,2025-09-01 12:00,2025-10-01 12:00,15m,167.86143879890443,155.90827055507236,98.32511977354686,234.59111896091036,235.05203889211018,407.07812520133126,,,L1,L2,L3,L1,L2,L3,10.038776520878098,16.474098763325337,0.06435322242447239,64.39719383866647,,,0.39295623273729074,
376,D1405 SP1 L1,2025-09-01 12:00,2025-10-01 12:00,15m,126.48638016117944,130.01632748179966,92.49612826771207,235.97999470498826,235.38950406710308,235.85685500568815,,,L1,L2,L3,L1,L2,L3,6.830056316277079,10.750809273097124,0.03920752956820045,35.88567333165521,,,0.00100905506896539,
377,D0579 SP1 L1,2025-09-01 12:00,2025-10-01 12:00,15m,242.65691981315612,223.9382686720954,93.59398423565759,235.53356214629278,235.98335197236804,408.46228963004216,,,L1,L2,L3,L1,L2,L3,16.625765819834303,26.609392476023974,0.09983626656189667,140.64099535478488,,,0.3925179864137586,
378,D1133 SP1 L1,2025-09-01 12:00,2025-10-01 12:00,15m,3122.6352784050837,3215.740784242418,3147.137716123793,239.5821594927046,239.09283474286397,239.18371277385287,,,L1,L2,L3,L1,L2,L3,0.568265032790902,0.9815546949676658,0.00568265032790902,83.5924207888079,,,0.0012366938786474253,
379,D1133 SP2 L1,2025-09-01 12:00,2025-10-01 12:00,15m,0.2988910120446235,0.3169002304164072,0.3399203923634357,233.97629732025993,233.42378312746683,233.62022851308186,,,L1,L2,L3,L1,L2,L3,2.233921472125657,4.293071133987815,0.022339214721256568,0.03562070922774987,,,0.0012960865589159377,
380,D1248 SP1 L1,2025-09-01 12:00,2025-10-01 12:00,15m,160.17835862371658,131.92459515465632,129.99798701869116,235.95607658492193,235.54832326041327,235.5033121585846,,,L1,L2,L3,L1,L2,L3,4.614546697743509,7.150036564248126,0.046145466977435094,29.26466981953322,,,0.0012171263993811599,
381,D1248 SP2 L1,2025-09-01 12:00,2025-10-01 12:00,15m,170.26860315269894,142.0013810661104,149.1725108438068,235.7719338099162,235.30681418842738,235.49135926034717,,,L1,L2,L3,L1,L2,L3,3.565869703784891,6.125838514884237,0.03565869703784891,25.450992686792933,,,0.00105537180726614,
382,D1354 SP2 L1,2025-09-01 12:00,2025-10-01 12:00,15m,174.7868032640881,152.97885340584648,150.0333941989475,235.86224591467115,235.33727890120613,235.72229235967,,,L1,L2,L3,L1,L2,L3,3.248322269840563,5.180715411662349,0.03248322269840563,23.420009258167255,,,0.0009405857229343544,
383,D1354 SP1 L1,2025-09-01 12:00,2025-10-01 12:00,15m,135.61250946963276,130.7540281454722,130.31436467347322,235.90162762182732,235.34934013507984,235.86642795492102,72.71867174925627,L4,L1,L2,L3,L1,L2,L3,0.8534673639629277,1.335618822482467,0.008534673639629276,5.092567281190543,,,0.0008308198288098101,
384,D1396 SP1 L1,2025-09-01 12:00,2025-10-01 12:00,15m,224.64143388006423,223.90321521229214,204.9893570052253,229.0458918200599,229.00274040434095,228.7774359067281,,,L1,L2,L3,L1,L2,L3,1.967045566722834,3.007047329057367,0.01040001762334533,19.293562716267243,,,0.0004536917620185336,
385,D1364 SP2 L1,2025-09-01 12:00,2025-10-01 12:00,15m,118.07818366156684,148.39664789570702,119.27443695598178,233.67813115119935,232.98692042562698,233.37146294911702,,,L1,L2,L3,L1,L2,L3,5.136382621710041,7.859629741099128,0.05136382621710041,29.738388200094942,,,0.001425466967720154,
386,D1364 SP1 L1,2025-09-01 12:00,2025-10-01 12:00,15m,469.7224889596303,363.7008829381731,391.3376835240258,233.83174713452658,233.29305169847277,233.6187460952335,,,L1,L2,L3,L1,L2,L3,5.018840495205785,8.65651349315165,0.05018840495205785,95.25899278590173,,,0.0010727126646937833,
387,D1400 SP1 L1,2025-09-01 12:00,2025-10-01 12:00,15m,205.67099044202791,171.02013791729374,160.72776583327683,240.80381280618693,240.3930215173344,240.57355999736498,,,L1,L2,L3,L1,L2,L3,4.9368117368398385,8.362792059306436,0.049368117368398384,40.7830108135691,,,0.0008881551567068985,
388,D1399 SP1 L1,2025-09-01 12:00,2025-10-01 12:00,15m,298.7893260161082,237.2300349023607,201.5042173438602,234.9494310643938,234.4376979721917,234.43751524289448,,,L1,L2,L3,L1,L2,L3,7.179178377828813,13.190779459751012,0.07179178377828813,85.2357692873757,,,0.001454409023641549,
389,D1394 SP1 L1,2025-09-01 12:00,2025-10-01 12:00,15m,521.196078326967,502.21555459764267,494.9070851114061,237.87526610692342,237.42068898942736,237.96375353071426,,,L1,L2,L3,L1,L2,L3,0.9938518706498968,1.731454200180475,0.009938518706498967,23.503033544188487,,,0.0008854446107623142,
390,D1394 SP2 L1,2025-09-01 12:00,2025-10-01 12:00,15m,274.708060057958,246.23515015178256,229.6642731136746,238.72735834121704,238.20801577038236,238.56774712138707,,,L1,L2,L3,L1,L2,L3,3.2647643623692555,6.000977600815541,0.03264764362369255,39.46038080543067,,,0.0009489179998189506,
391,D1383 SP1 L1,2025-09-01 12:00,2025-10-01 12:00,15m,293.892987230089,239.9572032266193,222.51599097251892,233.63750679228042,233.13129359351265,233.55398037698535,,,L1,L2,L3,L1,L2,L3,5.522579906302749,9.436830732264669,0.05522579906302749,64.45130051331255,,,0.0008420968591376266,
392,D1413 SP1 L1,2025-09-01 12:00,2025-10-01 12:00,15m,404.77731621257,403.833241991031,419.1194207441159,232.17810173276956,231.83584511271647,232.2052186038516,,,L1,L2,L3,L1,L2,L3,0.8044190984629224,1.2450766060291738,0.008044190984629223,14.83668594061341,,,0.000569490732076094,
394,D0055 SP1 L1,2025-09-01 12:00,2025-10-01 12:00,15m,227.37486800352733,205.1186462163925,239.89867964585622,235.42896602948505,235.1813843038347,235.1580262237125,,,L1,L2,L3,L1,L2,L3,2.827529118518396,5.17258138133688,0.023450522628184846,30.510948786012325,,,0.0007346907974998533,
395,D0055 SP2 L1,2025-09-01 12:00,2025-10-01 12:00,15m,467.34888916015626,441.5122641510434,421.00921381844415,235.307524061203,234.8808847056495,235.12859996159872,,,L1,L2,L3,L1,L2,L3,1.8091061638989776,3.4845257468012023,0.018091061638989776,40.21984445257076,,,0.0008585691932333956,
400,D1482 SP1 L1 / UMG801-4702-8660 / Measurement Group 1,2025-09-01 12:00,2025-10-01 12:00,15m,61.560605389991544,44.59249743706404,50.62422982600465,240.5533079284477,239.88608971582846,240.09928645471518,0.0,Input04,Input01,Input02,Input03,L1,L2,L3,5.932933255231378,10.823062024200278,0.05932933255231378,14.898033319713159,0.11721619428705629,0.16035316816719938,0.001556113101344308,0.15910959166163474
401,D1482 SP1 L1 / UMG801-4702-8660 / Measurement Group 2,2025-09-01 12:00,2025-10-01 12:00,15m,0.0,11.137781522140688,32.36560682473642,240.5533079284477,239.88608971582846,240.09928645471518,0.0,Input08,Input05,Input06,Input07,L1,L2,L3,41.06456543875113,74.39789877208447,0.4106456543875113,28.479845939241724,,,0.001556113101344308,0.15910959166163474
404,D1482 SP1 L1 / Mod. 1 / Measurement Group 1,2025-09-01 12:00,2025-10-01 12:00,15m,15.218446247277056,3.2361841546698304,0.0,240.5533079284477,239.88608971582846,240.09928645471518,0.0,Input04,Input01,Input02,Input03,L1,L2,L3,49.130774133547035,82.46410746688036,0.49130774133547034,13.88611894879432,,,0.001556113101344308,0.15910959166163474
405,D1482 SP1 L1 / Mod. 1 / Measurement Group 2,2025-09-01 12:00,2025-10-01 12:00,15m,0.0,0.0,0.0,240.5533079284477,239.88608971582846,240.09928645471518,0.0,Input08,Input05,Input06,Input07,L1,L2,L3,0.0,0.0,,0.0,,,0.001556113101344308,0.15910959166163474
408,D0246 SP1 L1 / UMG801-4700-2679 / Measurement Group 1,2025-09-01 12:00,2025-10-01 12:00,15m,179.47508115460369,164.808145049381,161.62571193460542,233.85891019258702,233.43755903174457,233.49618059100686,42.37537475723738,Input04,Input01,Input02,Input03,L1,L2,L3,2.142434660597183,3.528178269724217,0.02142434660597183,16.49010122462157,,,0.0011188484391627292,
409,D0246 SP1 L1 / UMG801-4700-2679 / Measurement Group 2,2025-09-01 12:00,2025-10-01 12:00,15m,17.238203773650913,15.314227988960926,54.88803356643682,233.85891019258702,233.43755903174457,233.49618059100686,50.12431735005301,Input08,Input05,Input06,Input07,L1,L2,L3,29.43855764401537,45.257999747090835,0.2943855764401537,38.64775190182273,,,0.0011188484391627292,
412,D0246 SP1 L1 / Mod. 1 / Measurement Group 1,2025-09-01 12:00,2025-10-01 12:00,15m,0.0,0.0,0.0,233.85891019258702,233.43755903174457,233.49618059100686,0.0,Input04,Input01,Input02,Input03,L1,L2,L3,0.0,0.0,,0.0,,,0.0011188484391627292,
413,D0246 SP1 L1 / Mod. 1 / Measurement Group 2,2025-09-01 12:00,2025-10-01 12:00,15m,0.0,0.0,0.0,233.85891019258702,233.43755903174457,233.49618059100686,0.0,Input08,Input05,Input06,Input07,L1,L2,L3,0.0,0.0,,0.0,,,0.0011188484391627292,
430,D1358 SP1 L1,2025-09-01 12:00,2025-10-01 12:00,15m,0.20598983389359934,0.2226094941298167,0.2003770265314314,233.8364330150463,233.22591462311922,233.46512270326969,0.000285066797234187,L4,L1,L2,L3,L1,L2,L3,2.0590136949371707,3.534706422170691,0.020590136949371705,0.020024976009540518,,,0.0014015563204468936,
431,D1363 SP2 L1,2025-09-01 12:00,2025-10-01 12:00,15m,0.6128083207204845,0.5432841982601914,0.532253691542339,240.53609098243228,240.04007184822876,240.27547722454563,0.0006642064006758057,L4,L1,L2,L3,L1,L2,L3,2.963032714164062,4.771215090605813,0.02963032714164062,0.07564497327765671,,,0.0010496374705234249,
436,D0707 SP1 L1,2025-09-01 12:00,2025-10-01 12:00,15m,459.1082397460938,475.06426548428004,474.41233690049916,234.62942572699652,233.6781483968099,234.5865000406901,,,L1,L2,L3,L1,L2,L3,0.7397524559780205,1.1327699447658672,0.0039301748878784685,15.640255080200314,,,0.00141444216566324,
440,D0604 SP2 L1 / UMG801-4700-7811 / Device-3,2025-09-01 12:00,2025-10-01 12:00,15m,456.6993297485479,397.0121358306344,400.5913991447785,237.85188180036369,237.5646441911152,237.58019797989957,126.87361827133513,Input04,Input01,Input02,Input03,L1,L2,L3,3.0772771015758975,4.7585950408435895,0.030772771015758975,57.98047999242458,0.04554322257914107,0.05608917350222937,0.0007839046252545999,0.1498510029372271
441,D0604 SP2 L1 / UMG801-4700-7811 / Device-4,2025-09-01 12:00,2025-10-01 12:00,15m,0.0,0.0,0.0,237.85188180036369,237.5646441911152,237.58019797989957,0.0,Input08,Input05,Input06,Input07,L1,L2,L3,0.0,0.0,,0.0,,,0.0007839046252545999,0.1498510029372271
443,D1507 SP1 L1,2025-09-01 12:00,2025-10-01 12:00,15m,3.3052782305964716,2.965932336328034,2.673588106367323,236.21121622721355,236.19812915943288,236.396115677445,,,L1,L2,L3,L1,L2,L3,3.6186244615990897,7.0620943779909195,0.0361862446159909,0.5475642418003577,,,0.000540184845174232,
448,D1056 SP1 L1 / UMG801-4700-2674 / Measurement Group 1,2025-09-01 12:00,2025-10-01 12:00,15m,29.545628837413258,14.812752780483828,23.031498136619728,234.73999786376953,236.93848943180507,235.45939048661126,16.114883690741326,Input04,Input01,Input02,Input03,L1,L2,L3,11.352654877691776,21.862149198955883,0.10509494321264105,12.787480418848562,0.20971106187420713,0.2499269033136607,0.005200669669631505,0.5765393045117485
449,D1056 SP1 L1 / UMG801-4700-2674 / Measurement Group 2,2025-09-01 12:00,2025-10-01 12:00,15m,9.139267396099038,0.027872883099027804,0.017342279855317125,234.73999786376953,236.93848943180507,235.45939048661126,0.01801911714590258,Input08,Input05,Input06,Input07,L1,L2,L3,66.17436715318156,99.31887896343167,0.6617436715318156,9.116664376061275,,,0.005200669669631505,0.5765393045117485
452,D1056 SP1 L1 / Mod. 1 / Measurement Group 1,2025-09-01 12:00,2025-10-01 12:00,15m,0.03457108811708167,0.0352055254605754,0.03379122798667393,234.73999786376953,236.93848943180507,235.45939048661126,0.043584949787085256,Input04,Input01,Input02,Input03,L1,L2,L3,0.7061901233586784,1.3655758897157084,0.006593857663570302,0.0012269739016178528,,,0.005200669669631505,0.5765393045117485
453,D1056 SP1 L1 / Mod. 1 / Measurement Group 2,2025-09-01 12:00,2025-10-01 12:00,15m,10.89268728287813,0.03286161920210968,0.03295270911767147,234.73999786376953,236.93848943180507,235.45939048661126,0.033141346885046614,Input08,Input05,Input06,Input07,L1,L2,L3,66.06608886274017,99.09954890711464,0.6606608886274018,10.859780119004757,,,0.005200669669631505,0.5765393045117485
456,D1029 SP1 L1 / UMG801-4700-2804 / Measurement Group 1,2025-09-01 12:00,2025-10-01 12:00,15m,171.58693642351363,167.6209570566813,146.0218709203932,235.31605149375068,234.05848332511053,236.83634779718187,0.06741123201144446,Input04,Input01,Input02,Input03,L1,L2,L3,3.239987534405211,5.268651549993299,0.020286640155880886,23.830884251741207,,,0.0060862284641956714,
457,D1029 SP1 L1 / UMG801-4700-2804 / Measurement Group 2,2025-09-01 12:00,2025-10-01 12:00,15m,0.04514207408000301,0.024808456539823158,0.028250906322824045,235.31605149375068,234.05848332511053,236.83634779718187,3.4335280339660432,Input08,Input05,Input06,Input07,L1,L2,L3,12.635519552562876,20.706028519780943,0.12635519552562877,0.01884964205203848,,,0.0060862284641956714,
460,D1029 SP1 L1 / Mod. 1 / Measurement Group 1,2025-09-01 12:00,2025-10-01 12:00,15m,63.355720812744565,30.200893377926615,29.418047950002883,235.31605149375068,234.05848332511053,236.83634779718187,32.29606373243862,Input04,Input01,Input02,Input03,L1,L2,L3,18.18599569744719,27.597288963412193,0.1818599569744719,33.55310021842281,,,0.0060862284641956714,
461,D1029 SP1 L1 / Mod. 1 / Measurement Group 2,2025-09-01 12:00,2025-10-01 12:00,15m,18.033497681717076,0.0339009921978383,0.033052843185659084,235.31605149375068,234.05848332511053,236.83634779718187,0.03292331987629748,Input08,Input05,Input06,Input07,L1,L2,L3,66.29676520138972,99.44749069671177,0.6629676520138972,18.00002077901191,,,0.0060862284641956714,
462,D1025 SP1 L1,2025-09-01 12:00,2025-10-01 12:00,15m,54.39723130928145,81.38809835116068,56.03858618272675,235.54764935705396,234.29539517296686,237.0527909649743,,,L1,L2,L3,L1,L2,L3,9.095212655531705,14.070647511932965,0.09095212655531705,26.20876491434275,,,0.006029937065540889,
